ID,latitude,longitude,DOY,maximum_temperature,minimum_temperature,wind_speed,precipitation,precipitation_severity,Crop,Area,Field
COORD:36.2363/59.6311DOY:1,36.2363,59.6311,1,29.932201,21.529872,1.381397,15.753247,2,Soy,Mashhad,40745
COORD:36.2363/59.6311DOY:2,36.2363,59.6311,2,30.044174,21.381528,1.336178,12.920739,2,Soy,Mashhad,40745
COORD:36.2363/59.6311DOY:3,36.2363,59.6311,3,30.113131,21.306803,1.368535,10.698137,2,Soy,Mashhad,40745
COORD:36.2363/59.6311DOY:4,36.2363,59.6311,4,30.245681,21.313602,1.397946,12.658494,2,Soy,Mashhad,40745
COORD:36.2363/59.6311DOY:5,36.2363,59.6311,5,30.44193,21.405659,1.415832,11.356,2,Soy,Mashhad,40745
COORD:36.2363/59.6311DOY:6,36.2363,59.6311,6,13.4,-2,2.12,0,2,Soy,Mashhad,40745
COORD:36.2363/59.6311DOY:7,36.2363,59.6311,7,7,4.7,4,0.9,2,Soy,Mashhad,40745
COORD:36.2363/59.6311DOY:8,36.2363,59.6311,8,7.8,2.3,4.62,0,2,Soy,Mashhad,40745
COORD:36.2363/59.6311DOY:9,36.2363,59.6311,9,9.2,-1.9,2.25,0,2,Soy,Mashhad,40745
COORD:36.2363/59.6311DOY:10,36.2363,59.6311,10,11.6,-4.6,3.75,0,2,Soy,Mashhad,40745
COORD:36.2363/59.6311DOY:11,36.2363,59.6311,11,7.5,0.1,1.62,0,2,Soy,Mashhad,40745
COORD:36.2363/59.6311DOY:12,36.2363,59.6311,12,13.4,-2.7,1.25,0,2,Soy,Mashhad,40745
COORD:36.2363/59.6311DOY:13,36.2363,59.6311,13,16.7,0.1,2.62,0,2,Soy,Mashhad,40745
COORD:36.2363/59.6311DOY:14,36.2363,59.6311,14,9.5,-3,1.88,0,2,Soy,Mashhad,40745
COORD:36.2363/59.6311DOY:15,36.2363,59.6311,15,8.3,-3,3.25,0,2,Soy,Mashhad,40745
COORD:36.2363/59.6311DOY:16,36.2363,59.6311,16,6.4,-1.2,4,0,2,Soy,Mashhad,40745
COORD:36.2363/59.6311DOY:17,36.2363,59.6311,17,7.6,-3.6,2.25,0,2,Soy,Mashhad,40745
COORD:36.2363/59.6311DOY:18,36.2363,59.6311,18,11.1,-2.4,1.62,0,2,Soy,Mashhad,40745
COORD:36.2363/59.6311DOY:19,36.2363,59.6311,19,16.2,-3,2.38,0,2,Soy,Mashhad,40745
COORD:36.2363/59.6311DOY:20,36.2363,59.6311,20,18.1,-0.8,2.12,0,2,Soy,Mashhad,40745
COORD:36.2363/59.6311DOY:21,36.2363,59.6311,21,12.6,2.3,2.88,0,2,Soy,Mashhad,40745
COORD:36.2363/59.6311DOY:22,36.2363,59.6311,22,15.4,-0.8,1.62,0,2,Soy,Mashhad,40745
COORD:36.2363/59.6311DOY:23,36.2363,59.6311,23,18.9,0.3,2,0,2,Soy,Mashhad,40745
COORD:36.2363/59.6311DOY:24,36.2363,59.6311,24,17.8,-2.1,1,0,2,Soy,Mashhad,40745
COORD:36.2363/59.6311DOY:25,36.2363,59.6311,25,15.3,1.4,2.75,0,2,Soy,Mashhad,40745
COORD:36.2363/59.6311DOY:26,36.2363,59.6311,26,12.1,-0.9,2.5,0,2,Soy,Mashhad,40745
COORD:36.2363/59.6311DOY:27,36.2363,59.6311,27,5.6,2.8,4,0,2,Soy,Mashhad,40745
COORD:36.2363/59.6311DOY:28,36.2363,59.6311,28,-3.2,-5.8,5.25,0.5,2,Soy,Mashhad,40745
COORD:36.2363/59.6311DOY:29,36.2363,59.6311,29,0.3,-11,3,0,2,Soy,Mashhad,40745
COORD:36.2363/59.6311DOY:30,36.2363,59.6311,30,6.3,-10,1.38,0,2,Soy,Mashhad,40745
COORD:36.2363/59.6311DOY:31,36.2363,59.6311,31,8.2,-4.1,2,0,2,Soy,Mashhad,40745
COORD:36.2363/59.6311DOY:32,36.2363,59.6311,32,18.6,-5,2,0,2,Soy,Mashhad,40745
COORD:36.2363/59.6311DOY:33,36.2363,59.6311,33,8.4,-0.1,2.88,0,2,Soy,Mashhad,40745
COORD:36.2363/59.6311DOY:34,36.2363,59.6311,34,11.6,-4.5,1.75,0,2,Soy,Mashhad,40745
COORD:36.2363/59.6311DOY:35,36.2363,59.6311,35,13.3,-3.2,1.88,0,2,Soy,Mashhad,40745
COORD:36.2363/59.6311DOY:36,36.2363,59.6311,36,14.4,-3.3,1.25,0,2,Soy,Mashhad,40745
COORD:36.2363/59.6311DOY:37,36.2363,59.6311,37,17.9,4.9,3.62,0,2,Soy,Mashhad,40745
COORD:36.2363/59.6311DOY:38,36.2363,59.6311,38,12,1.6,3.5,0,2,Soy,Mashhad,40745
COORD:36.2363/59.6311DOY:39,36.2363,59.6311,39,9.2,-3.9,2.5,0,2,Soy,Mashhad,40745
COORD:36.2363/59.6311DOY:40,36.2363,59.6311,40,6.9,-7.7,2.75,0,2,Soy,Mashhad,40745
COORD:36.2363/59.6311DOY:41,36.2363,59.6311,41,11.3,-5.7,2.5,0,2,Soy,Mashhad,40745
COORD:36.2363/59.6311DOY:42,36.2363,59.6311,42,11,-2.2,2.5,0,2,Soy,Mashhad,40745
COORD:36.2363/59.6311DOY:43,36.2363,59.6311,43,15.1,-2.2,2.88,0,2,Soy,Mashhad,40745
COORD:36.2363/59.6311DOY:44,36.2363,59.6311,44,14.8,6.4,2.88,0,2,Soy,Mashhad,40745
COORD:36.2363/59.6311DOY:45,36.2363,59.6311,45,21.6,6.7,7.25,0.3,2,Soy,Mashhad,40745
COORD:36.2363/59.6311DOY:46,36.2363,59.6311,46,11.6,2.9,3.12,0,2,Soy,Mashhad,40745
COORD:36.2363/59.6311DOY:47,36.2363,59.6311,47,11.1,-1.6,3.12,0,2,Soy,Mashhad,40745
COORD:36.2363/59.6311DOY:48,36.2363,59.6311,48,12.1,0.3,2.62,0,2,Soy,Mashhad,40745
COORD:36.2363/59.6311DOY:49,36.2363,59.6311,49,15,3.6,3,0,2,Soy,Mashhad,40745
COORD:36.2363/59.6311DOY:50,36.2363,59.6311,50,18.9,5.9,3.12,8,2,Soy,Mashhad,40745
COORD:36.2363/59.6311DOY:51,36.2363,59.6311,51,7.9,3.9,3.62,14.1,2,Soy,Mashhad,40745
COORD:36.2363/59.6311DOY:52,36.2363,59.6311,52,14,5.1,2.75,0,2,Soy,Mashhad,40745
COORD:36.2363/59.6311DOY:53,36.2363,59.6311,53,14.8,7,2.5,0,2,Soy,Mashhad,40745
COORD:36.2363/59.6311DOY:54,36.2363,59.6311,54,14.3,7.9,4.38,2,2,Soy,Mashhad,40745
COORD:36.2363/59.6311DOY:55,36.2363,59.6311,55,11.7,5.2,2.38,3,2,Soy,Mashhad,40745
COORD:36.2363/59.6311DOY:56,36.2363,59.6311,56,15.6,6.7,2.25,5.3,2,Soy,Mashhad,40745
COORD:36.2363/59.6311DOY:57,36.2363,59.6311,57,16.8,9.7,3.5,0.8,2,Soy,Mashhad,40745
COORD:36.2363/59.6311DOY:58,36.2363,59.6311,58,19.2,5.2,2.38,0,2,Soy,Mashhad,40745
COORD:36.2363/59.6311DOY:59,36.2363,59.6311,59,18,7.7,3.12,3,2,Soy,Mashhad,40745
COORD:36.2363/59.6311DOY:60,36.2363,59.6311,60,12.3,8.2,2.88,19.9,2,Soy,Mashhad,40745
COORD:36.2363/59.6311DOY:61,36.2363,59.6311,61,15.3,6.7,2.12,0,2,Soy,Mashhad,40745
COORD:36.2363/59.6311DOY:62,36.2363,59.6311,62,15.1,5.1,4,3,2,Soy,Mashhad,40745
COORD:36.2363/59.6311DOY:63,36.2363,59.6311,63,18.6,7.5,2.25,0,2,Soy,Mashhad,40745
COORD:36.2363/59.6311DOY:64,36.2363,59.6311,64,23.5,6.9,3.38,0,2,Soy,Mashhad,40745
COORD:36.2363/59.6311DOY:65,36.2363,59.6311,65,20.7,9.8,5.25,0.1,2,Soy,Mashhad,40745
COORD:36.2363/59.6311DOY:66,36.2363,59.6311,66,12.4,6.6,2.62,0,2,Soy,Mashhad,40745
COORD:36.2363/59.6311DOY:67,36.2363,59.6311,67,19.2,7,3.38,2,2,Soy,Mashhad,40745
COORD:36.2363/59.6311DOY:68,36.2363,59.6311,68,26,8,3.25,0,2,Soy,Mashhad,40745
COORD:36.2363/59.6311DOY:69,36.2363,59.6311,69,27.2,16.4,4.88,0,2,Soy,Mashhad,40745
COORD:36.2363/59.6311DOY:70,36.2363,59.6311,70,15.8,8.7,7.25,0,2,Soy,Mashhad,40745
COORD:36.2363/59.6311DOY:71,36.2363,59.6311,71,12.4,6.9,3.5,0.1,2,Soy,Mashhad,40745
COORD:36.2363/59.6311DOY:72,36.2363,59.6311,72,10.9,7.1,5.62,3,2,Soy,Mashhad,40745
COORD:36.2363/59.6311DOY:73,36.2363,59.6311,73,14.7,4.4,3.88,0,2,Soy,Mashhad,40745
COORD:36.2363/59.6311DOY:74,36.2363,59.6311,74,13.8,7,4.25,0,2,Soy,Mashhad,40745
COORD:36.2363/59.6311DOY:75,36.2363,59.6311,75,23.3,4.2,2,0,2,Soy,Mashhad,40745
COORD:36.2363/59.6311DOY:76,36.2363,59.6311,76,21.5,11.6,3.5,0,2,Soy,Mashhad,40745
COORD:36.2363/59.6311DOY:77,36.2363,59.6311,77,8.4,7.6,3.38,9,2,Soy,Mashhad,40745
COORD:36.2363/59.6311DOY:78,36.2363,59.6311,78,13.8,6.3,3,3.6,2,Soy,Mashhad,40745
COORD:36.2363/59.6311DOY:79,36.2363,59.6311,79,23.5,5.3,2.25,0,2,Soy,Mashhad,40745
COORD:36.2363/59.6311DOY:80,36.2363,59.6311,80,25.6,7.5,2,0,2,Soy,Mashhad,40745
COORD:36.2363/59.6311DOY:81,36.2363,59.6311,81,20.7,8.8,4.75,0,2,Soy,Mashhad,40745
COORD:36.2363/59.6311DOY:82,36.2363,59.6311,82,21.7,8.3,1.62,0,2,Soy,Mashhad,40745
COORD:36.2363/59.6311DOY:83,36.2363,59.6311,83,27.3,10.3,1.62,0,2,Soy,Mashhad,40745
COORD:36.2363/59.6311DOY:84,36.2363,59.6311,84,30.8,11.1,2.5,0,2,Soy,Mashhad,40745
COORD:36.2363/59.6311DOY:85,36.2363,59.6311,85,24.4,16.9,6,3,2,Soy,Mashhad,40745
COORD:36.2363/59.6311DOY:86,36.2363,59.6311,86,22.5,11.2,4.12,0.9,2,Soy,Mashhad,40745
COORD:36.2363/59.6311DOY:87,36.2363,59.6311,87,27.7,10.6,2.5,0,2,Soy,Mashhad,40745
COORD:36.2363/59.6311DOY:88,36.2363,59.6311,88,28.6,13.6,2.12,0,2,Soy,Mashhad,40745
COORD:36.2363/59.6311DOY:89,36.2363,59.6311,89,32.9,13.3,2.5,0,2,Soy,Mashhad,40745
COORD:36.2363/59.6311DOY:90,36.2363,59.6311,90,26.2,16.5,4.5,0,2,Soy,Mashhad,40745
COORD:36.2363/59.6311DOY:91,36.2363,59.6311,91,6.8,5.5,5.25,0.7,2,Soy,Mashhad,40745
COORD:36.2363/59.6311DOY:92,36.2363,59.6311,92,14.3,5,3,0,2,Soy,Mashhad,40745
COORD:36.2363/59.6311DOY:93,36.2363,59.6311,93,26.5,5.5,3.12,0,2,Soy,Mashhad,40745
COORD:36.2363/59.6311DOY:94,36.2363,59.6311,94,26.1,9.8,3.25,0,2,Soy,Mashhad,40745
COORD:36.2363/59.6311DOY:95,36.2363,59.6311,95,16,10.3,5.88,0,2,Soy,Mashhad,40745
COORD:36.2363/59.6311DOY:96,36.2363,59.6311,96,15.2,8.3,4,0,2,Soy,Mashhad,40745
COORD:36.2363/59.6311DOY:97,36.2363,59.6311,97,17,6.8,3.5,0,2,Soy,Mashhad,40745
COORD:36.2363/59.6311DOY:98,36.2363,59.6311,98,11.4,7.9,2.88,3.5,2,Soy,Mashhad,40745
COORD:36.2363/59.6311DOY:99,36.2363,59.6311,99,18.2,5.6,3.62,0,2,Soy,Mashhad,40745
COORD:36.2363/59.6311DOY:100,36.2363,59.6311,100,20,6.3,3.5,0,2,Soy,Mashhad,40745
COORD:36.2363/59.6311DOY:101,36.2363,59.6311,101,22.2,6.4,3,0,2,Soy,Mashhad,40745
COORD:36.2363/59.6311DOY:102,36.2363,59.6311,102,24.5,7.6,2.62,0,2,Soy,Mashhad,40745
COORD:36.2363/59.6311DOY:103,36.2363,59.6311,103,25.2,9.2,3.5,0,2,Soy,Mashhad,40745
COORD:36.2363/59.6311DOY:104,36.2363,59.6311,104,18.9,13.6,3.62,19.2,2,Soy,Mashhad,40745
COORD:36.2363/59.6311DOY:105,36.2363,59.6311,105,12.4,9.1,4.25,0,2,Soy,Mashhad,40745
COORD:36.2363/59.6311DOY:106,36.2363,59.6311,106,8.9,8.2,5.25,6,2,Soy,Mashhad,40745
COORD:36.2363/59.6311DOY:107,36.2363,59.6311,107,5.2,1,3.38,4.4,2,Soy,Mashhad,40745
COORD:36.2363/59.6311DOY:108,36.2363,59.6311,108,10.8,3.6,2.38,0,2,Soy,Mashhad,40745
COORD:36.2363/59.6311DOY:109,36.2363,59.6311,109,15.1,5.9,3,0,2,Soy,Mashhad,40745
COORD:36.2363/59.6311DOY:110,36.2363,59.6311,110,24.2,5.7,2,0,2,Soy,Mashhad,40745
COORD:36.2363/59.6311DOY:111,36.2363,59.6311,111,29,8.4,4,0,2,Soy,Mashhad,40745
COORD:36.2363/59.6311DOY:112,36.2363,59.6311,112,29.7,17.1,5.12,0,2,Soy,Mashhad,40745
COORD:36.2363/59.6311DOY:113,36.2363,59.6311,113,27.7,13.4,4.25,0,2,Soy,Mashhad,40745
COORD:36.2363/59.6311DOY:114,36.2363,59.6311,114,20.2,12.2,4.25,0,2,Soy,Mashhad,40745
COORD:36.2363/59.6311DOY:115,36.2363,59.6311,115,21.7,12.9,3,0,2,Soy,Mashhad,40745
COORD:36.2363/59.6311DOY:116,36.2363,59.6311,116,24,10.6,3.25,0,2,Soy,Mashhad,40745
COORD:36.2363/59.6311DOY:117,36.2363,59.6311,117,24.2,9.7,2.62,0,2,Soy,Mashhad,40745
COORD:36.2363/59.6311DOY:118,36.2363,59.6311,118,29.7,10.6,2.12,0,2,Soy,Mashhad,40745
COORD:36.2363/59.6311DOY:119,36.2363,59.6311,119,31.6,16.3,3.5,0,2,Soy,Mashhad,40745
COORD:36.2363/59.6311DOY:120,36.2363,59.6311,120,20.6,13.5,5.5,0,2,Soy,Mashhad,40745
COORD:36.2363/59.6311DOY:121,36.2363,59.6311,121,20.3,12.1,3.38,0,2,Soy,Mashhad,40745
COORD:36.2363/59.6311DOY:122,36.2363,59.6311,122,23.4,10.7,4,0,2,Soy,Mashhad,40745
COORD:36.2363/59.6311DOY:123,36.2363,59.6311,123,25.6,9.1,3.12,0,2,Soy,Mashhad,40745
COORD:36.2363/59.6311DOY:124,36.2363,59.6311,124,26.6,11.7,3.12,0,2,Soy,Mashhad,40745
COORD:36.2363/59.6311DOY:125,36.2363,59.6311,125,28.5,13.1,2.62,0,2,Soy,Mashhad,40745
COORD:36.2363/59.6311DOY:126,36.2363,59.6311,126,24.8,12.1,3.62,0,2,Soy,Mashhad,40745
COORD:36.2363/59.6311DOY:127,36.2363,59.6311,127,28.5,15.7,3,0,2,Soy,Mashhad,40745
COORD:36.2363/59.6311DOY:128,36.2363,59.6311,128,32.2,13.4,3.12,0,2,Soy,Mashhad,40745
COORD:36.2363/59.6311DOY:129,36.2363,59.6311,129,36.1,16.7,2.25,0,2,Soy,Mashhad,40745
COORD:36.2363/59.6311DOY:130,36.2363,59.6311,130,34.1,20.7,3.88,0,2,Soy,Mashhad,40745
COORD:36.2363/59.6311DOY:131,36.2363,59.6311,131,26.5,16.9,3.88,3.8,2,Soy,Mashhad,40745
COORD:36.2363/59.6311DOY:132,36.2363,59.6311,132,28.2,11.6,2.88,1.9,2,Soy,Mashhad,40745
COORD:36.2363/59.6311DOY:133,36.2363,59.6311,133,24.9,14.3,2.5,0.3,2,Soy,Mashhad,40745
COORD:36.2363/59.6311DOY:134,36.2363,59.6311,134,25.5,12.6,3.5,2,2,Soy,Mashhad,40745
COORD:36.2363/59.6311DOY:135,36.2363,59.6311,135,19.1,13,3.12,23,2,Soy,Mashhad,40745
COORD:36.2363/59.6311DOY:136,36.2363,59.6311,136,20.1,13.2,2,5.1,2,Soy,Mashhad,40745
COORD:36.2363/59.6311DOY:137,36.2363,59.6311,137,17.9,12.9,1.88,5.7,2,Soy,Mashhad,40745
COORD:36.2363/59.6311DOY:138,36.2363,59.6311,138,23.8,11.4,3.38,0,2,Soy,Mashhad,40745
COORD:36.2363/59.6311DOY:139,36.2363,59.6311,139,25.3,10.2,2.75,0,2,Soy,Mashhad,40745
COORD:36.2363/59.6311DOY:140,36.2363,59.6311,140,26.3,10.8,2.5,0,2,Soy,Mashhad,40745
COORD:36.2363/59.6311DOY:141,36.2363,59.6311,141,27.5,12.7,2.5,0,2,Soy,Mashhad,40745
COORD:36.2363/59.6311DOY:142,36.2363,59.6311,142,29.5,13.7,2.75,0,2,Soy,Mashhad,40745
COORD:36.2363/59.6311DOY:143,36.2363,59.6311,143,30.1,14,2.5,0,2,Soy,Mashhad,40745
COORD:36.2363/59.6311DOY:144,36.2363,59.6311,144,30.3,14.1,3.38,0,2,Soy,Mashhad,40745
COORD:36.2363/59.6311DOY:145,36.2363,59.6311,145,31.8,14.8,1.88,0,2,Soy,Mashhad,40745
COORD:36.2363/59.6311DOY:146,36.2363,59.6311,146,35.6,16,2.25,0,2,Soy,Mashhad,40745
COORD:36.2363/59.6311DOY:147,36.2363,59.6311,147,33,19.2,3.75,16,2,Soy,Mashhad,40745
COORD:36.2363/59.6311DOY:148,36.2363,59.6311,148,24.1,14.2,3.62,0,2,Soy,Mashhad,40745
COORD:36.2363/59.6311DOY:149,36.2363,59.6311,149,30,13.7,2.12,0,2,Soy,Mashhad,40745
COORD:36.2363/59.6311DOY:150,36.2363,59.6311,150,28,15.4,2.12,0,2,Soy,Mashhad,40745
COORD:36.2363/59.6311DOY:151,36.2363,59.6311,151,33.2,15.6,2.25,0,2,Soy,Mashhad,40745
COORD:36.2363/59.6311DOY:152,36.2363,59.6311,152,38.1,19.1,2,0,2,Soy,Mashhad,40745
COORD:36.2363/59.6311DOY:153,36.2363,59.6311,153,34.8,22.6,2.88,2,2,Soy,Mashhad,40745
COORD:36.2363/59.6311DOY:154,36.2363,59.6311,154,27.6,18,4.75,0.1,2,Soy,Mashhad,40745
COORD:36.2363/59.6311DOY:155,36.2363,59.6311,155,29.6,17.3,3.38,0,2,Soy,Mashhad,40745
COORD:36.2363/59.6311DOY:156,36.2363,59.6311,156,36.9,18.4,2.62,0,2,Soy,Mashhad,40745
COORD:36.2363/59.6311DOY:157,36.2363,59.6311,157,40.1,21.2,1.75,0,2,Soy,Mashhad,40745
COORD:36.2363/59.6311DOY:158,36.2363,59.6311,158,36.9,23.3,3.75,0,2,Soy,Mashhad,40745
COORD:36.2363/59.6311DOY:159,36.2363,59.6311,159,32.6,22.2,3,0,2,Soy,Mashhad,40745
COORD:36.2363/59.6311DOY:160,36.2363,59.6311,160,33,20,2.62,0,2,Soy,Mashhad,40745
COORD:36.2363/59.6311DOY:161,36.2363,59.6311,161,30.8,19,4.25,0,2,Soy,Mashhad,40745
COORD:36.2363/59.6311DOY:162,36.2363,59.6311,162,33.3,17.9,3.12,0,2,Soy,Mashhad,40745
COORD:36.2363/59.6311DOY:163,36.2363,59.6311,163,33,19.6,2.62,0,2,Soy,Mashhad,40745
COORD:36.2363/59.6311DOY:164,36.2363,59.6311,164,31.4,19.8,3.75,0,2,Soy,Mashhad,40745
COORD:36.2363/59.6311DOY:165,36.2363,59.6311,165,29,18.1,4.38,0,2,Soy,Mashhad,40745
COORD:36.2363/59.6311DOY:166,36.2363,59.6311,166,30.1,17.6,3.12,0,2,Soy,Mashhad,40745
COORD:36.2363/59.6311DOY:167,36.2363,59.6311,167,32.9,17.5,2.62,0,2,Soy,Mashhad,40745
COORD:36.2363/59.6311DOY:168,36.2363,59.6311,168,34.9,18.2,2.62,0,2,Soy,Mashhad,40745
COORD:36.2363/59.6311DOY:169,36.2363,59.6311,169,35.9,19.2,2.25,0,2,Soy,Mashhad,40745
COORD:36.2363/59.6311DOY:170,36.2363,59.6311,170,36.1,20,3.25,0,2,Soy,Mashhad,40745
COORD:36.2363/59.6311DOY:171,36.2363,59.6311,171,34.7,21.8,3.5,0,2,Soy,Mashhad,40745
COORD:36.2363/59.6311DOY:172,36.2363,59.6311,172,34.6,20.5,2.75,0,2,Soy,Mashhad,40745
COORD:36.2363/59.6311DOY:173,36.2363,59.6311,173,34.5,19.6,2.5,0,2,Soy,Mashhad,40745
COORD:36.2363/59.6311DOY:174,36.2363,59.6311,174,36.3,21.6,2.38,0,2,Soy,Mashhad,40745
COORD:36.2363/59.6311DOY:175,36.2363,59.6311,175,35.6,22.7,2.88,0,2,Soy,Mashhad,40745
COORD:36.2363/59.6311DOY:176,36.2363,59.6311,176,34.9,21.4,2.25,0,2,Soy,Mashhad,40745
COORD:36.2363/59.6311DOY:177,36.2363,59.6311,177,35.3,19.4,2.62,0,2,Soy,Mashhad,40745
COORD:36.2363/59.6311DOY:178,36.2363,59.6311,178,34.4,19.3,3,0,2,Soy,Mashhad,40745
COORD:36.2363/59.6311DOY:179,36.2363,59.6311,179,35,18.3,3.12,0,2,Soy,Mashhad,40745
COORD:36.2363/59.6311DOY:180,36.2363,59.6311,180,35.9,20.6,2.12,0,2,Soy,Mashhad,40745
COORD:36.2363/59.6311DOY:181,36.2363,59.6311,181,37.3,20.5,2.25,0,2,Soy,Mashhad,40745
COORD:36.2363/59.6311DOY:182,36.2363,59.6311,182,38,22.1,3.25,0,2,Soy,Mashhad,40745
COORD:36.2363/59.6311DOY:183,36.2363,59.6311,183,38.4,22.8,4.12,0,2,Soy,Mashhad,40745
COORD:36.2363/59.6311DOY:184,36.2363,59.6311,184,36,22.7,3.25,0,2,Soy,Mashhad,40745
COORD:36.2363/59.6311DOY:185,36.2363,59.6311,185,35.2,21.8,3.75,0,2,Soy,Mashhad,40745
COORD:36.2363/59.6311DOY:186,36.2363,59.6311,186,35.7,19.8,2.75,0,2,Soy,Mashhad,40745
COORD:36.2363/59.6311DOY:187,36.2363,59.6311,187,37.8,20.7,2.88,0,2,Soy,Mashhad,40745
COORD:36.2363/59.6311DOY:188,36.2363,59.6311,188,39.7,22.3,2.88,0,2,Soy,Mashhad,40745
COORD:36.2363/59.6311DOY:189,36.2363,59.6311,189,39.8,21.4,2.88,0,2,Soy,Mashhad,40745
COORD:36.2363/59.6311DOY:190,36.2363,59.6311,190,39.5,22.8,3.5,0,2,Soy,Mashhad,40745
COORD:36.2363/59.6311DOY:191,36.2363,59.6311,191,39.9,28,5.5,0,2,Soy,Mashhad,40745
COORD:36.2363/59.6311DOY:192,36.2363,59.6311,192,37.4,26.4,4.88,0,2,Soy,Mashhad,40745
COORD:36.2363/59.6311DOY:193,36.2363,59.6311,193,37.3,23.3,3.88,0,2,Soy,Mashhad,40745
COORD:36.2363/59.6311DOY:194,36.2363,59.6311,194,37.4,22.7,3.5,0,2,Soy,Mashhad,40745
COORD:36.2363/59.6311DOY:195,36.2363,59.6311,195,39.8,22.5,2.88,0,2,Soy,Mashhad,40745
COORD:36.2363/59.6311DOY:196,36.2363,59.6311,196,40.6,25.4,2.62,0,2,Soy,Mashhad,40745
COORD:36.2363/59.6311DOY:197,36.2363,59.6311,197,40.1,25,3.62,0,2,Soy,Mashhad,40745
COORD:36.2363/59.6311DOY:198,36.2363,59.6311,198,38.9,25,3.88,0,2,Soy,Mashhad,40745
COORD:36.2363/59.6311DOY:199,36.2363,59.6311,199,39.2,24.4,4,0,2,Soy,Mashhad,40745
COORD:36.2363/59.6311DOY:200,36.2363,59.6311,200,39.4,24.7,3,0,2,Soy,Mashhad,40745
COORD:36.2363/59.6311DOY:201,36.2363,59.6311,201,40.7,24.9,3,0,2,Soy,Mashhad,40745
COORD:36.2363/59.6311DOY:202,36.2363,59.6311,202,40.9,24.6,2.88,0,2,Soy,Mashhad,40745
COORD:36.2363/59.6311DOY:203,36.2363,59.6311,203,40.3,25.1,3.38,0,2,Soy,Mashhad,40745
COORD:36.2363/59.6311DOY:204,36.2363,59.6311,204,39.5,27,3.88,0,2,Soy,Mashhad,40745
COORD:36.2363/59.6311DOY:205,36.2363,59.6311,205,39.4,27.2,3.5,0,2,Soy,Mashhad,40745
COORD:36.2363/59.6311DOY:206,36.2363,59.6311,206,38.1,24.6,3.62,0,2,Soy,Mashhad,40745
COORD:36.2363/59.6311DOY:207,36.2363,59.6311,207,36.4,22.5,3.5,0,2,Soy,Mashhad,40745
COORD:36.2363/59.6311DOY:208,36.2363,59.6311,208,34.5,19.8,2.62,0,2,Soy,Mashhad,40745
COORD:36.2363/59.6311DOY:209,36.2363,59.6311,209,33.4,19.4,1.75,0,2,Soy,Mashhad,40745
COORD:36.2363/59.6311DOY:210,36.2363,59.6311,210,33.7,17.4,2.88,0,2,Soy,Mashhad,40745
COORD:36.2363/59.6311DOY:211,36.2363,59.6311,211,34.7,19,2.38,0,2,Soy,Mashhad,40745
COORD:36.2363/59.6311DOY:212,36.2363,59.6311,212,36.6,20.4,1.62,0,2,Soy,Mashhad,40745
COORD:36.2363/59.6311DOY:213,36.2363,59.6311,213,35.4,21.3,2.25,0,2,Soy,Mashhad,40745
COORD:36.2363/59.6311DOY:214,36.2363,59.6311,214,35.3,21.4,2.5,0,2,Soy,Mashhad,40745
COORD:36.2363/59.6311DOY:215,36.2363,59.6311,215,35.6,21.5,3,0,2,Soy,Mashhad,40745
COORD:36.2363/59.6311DOY:216,36.2363,59.6311,216,36.7,20.5,2.88,0,2,Soy,Mashhad,40745
COORD:36.2363/59.6311DOY:217,36.2363,59.6311,217,38.6,22.2,2.12,0,2,Soy,Mashhad,40745
COORD:36.2363/59.6311DOY:218,36.2363,59.6311,218,37.5,23,3.38,0,2,Soy,Mashhad,40745
COORD:36.2363/59.6311DOY:219,36.2363,59.6311,219,35,24.8,3.75,0,2,Soy,Mashhad,40745
COORD:36.2363/59.6311DOY:220,36.2363,59.6311,220,34.4,22.3,2.12,0,2,Soy,Mashhad,40745
COORD:36.2363/59.6311DOY:221,36.2363,59.6311,221,36.2,20.7,3,0,2,Soy,Mashhad,40745
COORD:36.2363/59.6311DOY:222,36.2363,59.6311,222,36.9,20.6,3.38,0,2,Soy,Mashhad,40745
COORD:36.2363/59.6311DOY:223,36.2363,59.6311,223,37.1,21.4,3.88,0,2,Soy,Mashhad,40745
COORD:36.2363/59.6311DOY:224,36.2363,59.6311,224,32,22.3,3.75,0,2,Soy,Mashhad,40745
COORD:36.2363/59.6311DOY:225,36.2363,59.6311,225,32.3,18.6,3.12,0,2,Soy,Mashhad,40745
COORD:36.2363/59.6311DOY:226,36.2363,59.6311,226,44.2,18.3,3.88,0,2,Soy,Mashhad,40745
COORD:36.2363/59.6311DOY:227,36.2363,59.6311,227,35,19,2.88,0,2,Soy,Mashhad,40745
COORD:36.2363/59.6311DOY:228,36.2363,59.6311,228,35.4,21.4,3.62,0,2,Soy,Mashhad,40745
COORD:36.2363/59.6311DOY:229,36.2363,59.6311,229,36.8,22,2.62,0,2,Soy,Mashhad,40745
COORD:36.2363/59.6311DOY:230,36.2363,59.6311,230,36.5,20.3,2.25,0,2,Soy,Mashhad,40745
COORD:36.2363/59.6311DOY:231,36.2363,59.6311,231,37.4,20.2,2.38,0,2,Soy,Mashhad,40745
COORD:36.2363/59.6311DOY:232,36.2363,59.6311,232,31.3,22.4,3.75,0,2,Soy,Mashhad,40745
COORD:36.2363/59.6311DOY:233,36.2363,59.6311,233,30.4,20.3,3.62,0,2,Soy,Mashhad,40745
COORD:36.2363/59.6311DOY:234,36.2363,59.6311,234,30.2,18.9,3.5,0,2,Soy,Mashhad,40745
COORD:36.2363/59.6311DOY:235,36.2363,59.6311,235,31.8,14,1.88,0,2,Soy,Mashhad,40745
COORD:36.2363/59.6311DOY:236,36.2363,59.6311,236,32.6,16.9,2.88,0,2,Soy,Mashhad,40745
COORD:36.2363/59.6311DOY:237,36.2363,59.6311,237,32.1,17.9,2.62,0,2,Soy,Mashhad,40745
COORD:36.2363/59.6311DOY:238,36.2363,59.6311,238,30.3,19.4,2.88,0,2,Soy,Mashhad,40745
COORD:36.2363/59.6311DOY:239,36.2363,59.6311,239,31.7,14.6,2.71,0,2,Soy,Mashhad,40745
COORD:36.2363/59.6311DOY:240,36.2363,59.6311,240,32.4,16.7,2.62,0,2,Soy,Mashhad,40745
COORD:36.2363/59.6311DOY:241,36.2363,59.6311,241,31.6,18.4,3,0,2,Soy,Mashhad,40745
COORD:36.2363/59.6311DOY:242,36.2363,59.6311,242,29.9,18.5,3,0,2,Soy,Mashhad,40745
COORD:36.2363/59.6311DOY:243,36.2363,59.6311,243,30,14.2,2.75,0,2,Soy,Mashhad,40745
COORD:36.2363/59.6311DOY:244,36.2363,59.6311,244,28.3,13.8,2.62,0,2,Soy,Mashhad,40745
COORD:36.2363/59.6311DOY:245,36.2363,59.6311,245,27.2,14,3.12,0,2,Soy,Mashhad,40745
COORD:36.2363/59.6311DOY:246,36.2363,59.6311,246,27.4,12.1,2.62,0,2,Soy,Mashhad,40745
COORD:36.2363/59.6311DOY:247,36.2363,59.6311,247,28.1,9,2.5,0,2,Soy,Mashhad,40745
COORD:36.2363/59.6311DOY:248,36.2363,59.6311,248,28.6,10.9,1.75,0,2,Soy,Mashhad,40745
COORD:36.2363/59.6311DOY:249,36.2363,59.6311,249,29.9,12.2,2.5,0,2,Soy,Mashhad,40745
COORD:36.2363/59.6311DOY:250,36.2363,59.6311,250,34.8,14.2,1.88,0,2,Soy,Mashhad,40745
COORD:36.2363/59.6311DOY:251,36.2363,59.6311,251,36.9,16.5,1.88,0,2,Soy,Mashhad,40745
COORD:36.2363/59.6311DOY:252,36.2363,59.6311,252,37,18.1,3,0,2,Soy,Mashhad,40745
COORD:36.2363/59.6311DOY:253,36.2363,59.6311,253,34.1,18.5,1.88,0,2,Soy,Mashhad,40745
COORD:36.2363/59.6311DOY:254,36.2363,59.6311,254,39.2,18.5,2.12,0,2,Soy,Mashhad,40745
COORD:36.2363/59.6311DOY:255,36.2363,59.6311,255,37.3,20.4,2.88,0,2,Soy,Mashhad,40745
COORD:36.2363/59.6311DOY:256,36.2363,59.6311,256,31.4,20.2,2.62,0,2,Soy,Mashhad,40745
COORD:36.2363/59.6311DOY:257,36.2363,59.6311,257,28.8,21,3.5,0,2,Soy,Mashhad,40745
COORD:36.2363/59.6311DOY:258,36.2363,59.6311,258,29.6,13.7,2.38,0,2,Soy,Mashhad,40745
COORD:36.2363/59.6311DOY:259,36.2363,59.6311,259,31.7,13.1,2,0,2,Soy,Mashhad,40745
COORD:36.2363/59.6311DOY:260,36.2363,59.6311,260,34.5,12.6,1.88,0,2,Soy,Mashhad,40745
COORD:36.2363/59.6311DOY:261,36.2363,59.6311,261,32,14.9,1.12,0,2,Soy,Mashhad,40745
COORD:36.2363/59.6311DOY:262,36.2363,59.6311,262,29.3,17,2.75,0,2,Soy,Mashhad,40745
COORD:36.2363/59.6311DOY:263,36.2363,59.6311,263,25.5,16.9,3.12,0.1,2,Soy,Mashhad,40745
COORD:36.2363/59.6311DOY:264,36.2363,59.6311,264,25.8,13.8,2.75,0,2,Soy,Mashhad,40745
COORD:36.2363/59.6311DOY:265,36.2363,59.6311,265,27.8,12.4,1.88,0,2,Soy,Mashhad,40745
COORD:36.2363/59.6311DOY:266,36.2363,59.6311,266,27.8,12.2,1.62,0,2,Soy,Mashhad,40745
COORD:36.2363/59.6311DOY:267,36.2363,59.6311,267,29.4,13.6,2.88,0,2,Soy,Mashhad,40745
COORD:36.2363/59.6311DOY:268,36.2363,59.6311,268,27.4,15.1,2.25,0,2,Soy,Mashhad,40745
COORD:36.2363/59.6311DOY:269,36.2363,59.6311,269,28.8,13.2,2.25,0,2,Soy,Mashhad,40745
COORD:36.2363/59.6311DOY:270,36.2363,59.6311,270,28.3,13.8,1.38,0,2,Soy,Mashhad,40745
COORD:36.2363/59.6311DOY:271,36.2363,59.6311,271,27.1,13.4,2.5,0,2,Soy,Mashhad,40745
COORD:36.2363/59.6311DOY:272,36.2363,59.6311,272,27.3,11,2.25,0,2,Soy,Mashhad,40745
COORD:36.2363/59.6311DOY:273,36.2363,59.6311,273,28.8,10.9,1.12,0,2,Soy,Mashhad,40745
COORD:36.2363/59.6311DOY:274,36.2363,59.6311,274,28.9,11.8,2.12,0,2,Soy,Mashhad,40745
COORD:36.2363/59.6311DOY:275,36.2363,59.6311,275,28.8,13.2,1.62,0,2,Soy,Mashhad,40745
COORD:36.2363/59.6311DOY:276,36.2363,59.6311,276,27.9,13.9,2,0,2,Soy,Mashhad,40745
COORD:36.2363/59.6311DOY:277,36.2363,59.6311,277,28.8,14.1,1.62,0,2,Soy,Mashhad,40745
COORD:36.2363/59.6311DOY:278,36.2363,59.6311,278,30,12.6,1.88,0,2,Soy,Mashhad,40745
COORD:36.2363/59.6311DOY:279,36.2363,59.6311,279,24.9,14.8,3.25,0.6,2,Soy,Mashhad,40745
COORD:36.2363/59.6311DOY:280,36.2363,59.6311,280,9,7.2,2.75,6.3,2,Soy,Mashhad,40745
COORD:36.2363/59.6311DOY:281,36.2363,59.6311,281,16.1,3.9,1.62,0,2,Soy,Mashhad,40745
COORD:36.2363/59.6311DOY:282,36.2363,59.6311,282,18.9,2.6,1.88,0,2,Soy,Mashhad,40745
COORD:36.2363/59.6311DOY:283,36.2363,59.6311,283,19.4,4,1.25,0,2,Soy,Mashhad,40745
COORD:36.2363/59.6311DOY:284,36.2363,59.6311,284,22.6,5,1.25,0,2,Soy,Mashhad,40745
COORD:36.2363/59.6311DOY:285,36.2363,59.6311,285,24.5,6.6,3.25,0,2,Soy,Mashhad,40745
COORD:36.2363/59.6311DOY:286,36.2363,59.6311,286,19.6,9.7,3.25,0,2,Soy,Mashhad,40745
COORD:36.2363/59.6311DOY:287,36.2363,59.6311,287,19.6,4,1.62,0,2,Soy,Mashhad,40745
COORD:36.2363/59.6311DOY:288,36.2363,59.6311,288,20.5,7.2,4,0,2,Soy,Mashhad,40745
COORD:36.2363/59.6311DOY:289,36.2363,59.6311,289,18.6,8.6,3.5,0,2,Soy,Mashhad,40745
COORD:36.2363/59.6311DOY:290,36.2363,59.6311,290,16,3.8,1.5,0,2,Soy,Mashhad,40745
COORD:36.2363/59.6311DOY:291,36.2363,59.6311,291,19.7,3.4,1.88,0,2,Soy,Mashhad,40745
COORD:36.2363/59.6311DOY:292,36.2363,59.6311,292,20.4,4.9,1.38,0,2,Soy,Mashhad,40745
COORD:36.2363/59.6311DOY:293,36.2363,59.6311,293,22.8,5.7,1.12,0,2,Soy,Mashhad,40745
COORD:36.2363/59.6311DOY:294,36.2363,59.6311,294,25.9,6.1,2.12,0,2,Soy,Mashhad,40745
COORD:36.2363/59.6311DOY:295,36.2363,59.6311,295,27,12,1.25,0,2,Soy,Mashhad,40745
COORD:36.2363/59.6311DOY:296,36.2363,59.6311,296,26.8,10.1,1.62,0,2,Soy,Mashhad,40745
COORD:36.2363/59.6311DOY:297,36.2363,59.6311,297,26.4,10.1,1.75,0,2,Soy,Mashhad,40745
COORD:36.2363/59.6311DOY:298,36.2363,59.6311,298,27.8,9.4,1,0,2,Soy,Mashhad,40745
COORD:36.2363/59.6311DOY:299,36.2363,59.6311,299,30.8,12.6,1.12,0,2,Soy,Mashhad,40745
COORD:36.2363/59.6311DOY:300,36.2363,59.6311,300,30.2,14.8,3.12,0,2,Soy,Mashhad,40745
COORD:36.2363/59.6311DOY:301,36.2363,59.6311,301,8.8,8.8,7.62,26,2,Soy,Mashhad,40745
COORD:36.2363/59.6311DOY:302,36.2363,59.6311,302,8.7,3.6,2.62,0,2,Soy,Mashhad,40745
COORD:36.2363/59.6311DOY:303,36.2363,59.6311,303,10.6,6.3,1.75,0,2,Soy,Mashhad,40745
COORD:36.2363/59.6311DOY:304,36.2363,59.6311,304,8.7,6.6,1.5,8,2,Soy,Mashhad,40745
COORD:36.2363/59.6311DOY:305,36.2363,59.6311,305,14,4.2,2.12,0,2,Soy,Mashhad,40745
COORD:36.2363/59.6311DOY:306,36.2363,59.6311,306,9,4.6,3.62,0,2,Soy,Mashhad,40745
COORD:36.2363/59.6311DOY:307,36.2363,59.6311,307,9.8,0.2,2.12,0,2,Soy,Mashhad,40745
COORD:36.2363/59.6311DOY:308,36.2363,59.6311,308,11.1,-1.3,1.5,0,2,Soy,Mashhad,40745
COORD:36.2363/59.6311DOY:309,36.2363,59.6311,309,16.2,-0.5,0.5,0,2,Soy,Mashhad,40745
COORD:36.2363/59.6311DOY:310,36.2363,59.6311,310,17.5,5.7,2.38,0,2,Soy,Mashhad,40745
COORD:36.2363/59.6311DOY:311,36.2363,59.6311,311,14.1,6.8,2.5,0.2,2,Soy,Mashhad,40745
COORD:36.2363/59.6311DOY:312,36.2363,59.6311,312,13.3,5.6,1.88,0.1,2,Soy,Mashhad,40745
COORD:36.2363/59.6311DOY:313,36.2363,59.6311,313,17,4.4,1.62,0,2,Soy,Mashhad,40745
COORD:36.2363/59.6311DOY:314,36.2363,59.6311,314,15.5,4.7,2.12,0,2,Soy,Mashhad,40745
COORD:36.2363/59.6311DOY:315,36.2363,59.6311,315,15.9,6.3,1.25,0,2,Soy,Mashhad,40745
COORD:36.2363/59.6311DOY:316,36.2363,59.6311,316,13.9,7.9,2,0,2,Soy,Mashhad,40745
COORD:36.2363/59.6311DOY:317,36.2363,59.6311,317,11.6,5.6,2.75,0,2,Soy,Mashhad,40745
COORD:36.2363/59.6311DOY:318,36.2363,59.6311,318,11.4,-0.9,1,0,2,Soy,Mashhad,40745
COORD:36.2363/59.6311DOY:319,36.2363,59.6311,319,9.4,1,0.5,0,2,Soy,Mashhad,40745
COORD:36.2363/59.6311DOY:320,36.2363,59.6311,320,14.7,3.4,0.38,0,2,Soy,Mashhad,40745
COORD:36.2363/59.6311DOY:321,36.2363,59.6311,321,16.9,7.4,2,0.3,2,Soy,Mashhad,40745
COORD:36.2363/59.6311DOY:322,36.2363,59.6311,322,17.7,5,1.38,0,2,Soy,Mashhad,40745
COORD:36.2363/59.6311DOY:323,36.2363,59.6311,323,17.4,4.2,2.62,0,2,Soy,Mashhad,40745
COORD:36.2363/59.6311DOY:324,36.2363,59.6311,324,12.4,7,1.5,0,2,Soy,Mashhad,40745
COORD:36.2363/59.6311DOY:325,36.2363,59.6311,325,16.4,6.4,0.75,0.2,2,Soy,Mashhad,40745
COORD:36.2363/59.6311DOY:326,36.2363,59.6311,326,17.1,5.8,1.62,0,2,Soy,Mashhad,40745
COORD:36.2363/59.6311DOY:327,36.2363,59.6311,327,22.2,6.2,2.38,0,2,Soy,Mashhad,40745
COORD:36.2363/59.6311DOY:328,36.2363,59.6311,328,12,11.4,3.5,9.1,2,Soy,Mashhad,40745
COORD:36.2363/59.6311DOY:329,36.2363,59.6311,329,10.2,1,0.75,0,2,Soy,Mashhad,40745
COORD:36.2363/59.6311DOY:330,36.2363,59.6311,330,14.3,6.3,3.5,2,2,Soy,Mashhad,40745
COORD:36.2363/59.6311DOY:331,36.2363,59.6311,331,11.3,3,2.62,8,2,Soy,Mashhad,40745
COORD:36.2363/59.6311DOY:332,36.2363,59.6311,332,15.8,1,2.88,0,2,Soy,Mashhad,40745
COORD:36.2363/59.6311DOY:333,36.2363,59.6311,333,17.2,1.1,2.62,0,2,Soy,Mashhad,40745
COORD:36.2363/59.6311DOY:334,36.2363,59.6311,334,16.5,4.3,3.88,0,2,Soy,Mashhad,40745
COORD:36.2363/59.6311DOY:335,36.2363,59.6311,335,9.5,4.2,1.5,0,2,Soy,Mashhad,40745
COORD:36.2363/59.6311DOY:336,36.2363,59.6311,336,15.6,2.2,1.12,0,2,Soy,Mashhad,40745
COORD:36.2363/59.6311DOY:337,36.2363,59.6311,337,13.9,5.3,2,0,2,Soy,Mashhad,40745
COORD:36.2363/59.6311DOY:338,36.2363,59.6311,338,15.4,3.2,1.5,0,2,Soy,Mashhad,40745
COORD:36.2363/59.6311DOY:339,36.2363,59.6311,339,15.4,2.7,1.5,0,2,Soy,Mashhad,40745
COORD:36.2363/59.6311DOY:340,36.2363,59.6311,340,22.1,3.5,1.62,0,2,Soy,Mashhad,40745
COORD:36.2363/59.6311DOY:341,36.2363,59.6311,341,15.7,5.9,3.25,0,2,Soy,Mashhad,40745
COORD:36.2363/59.6311DOY:342,36.2363,59.6311,342,16.6,5.9,2.5,0,2,Soy,Mashhad,40745
COORD:36.2363/59.6311DOY:343,36.2363,59.6311,343,12.7,4.6,2.88,0,2,Soy,Mashhad,40745
COORD:36.2363/59.6311DOY:344,36.2363,59.6311,344,11.8,5.9,1.88,0,2,Soy,Mashhad,40745
COORD:36.2363/59.6311DOY:345,36.2363,59.6311,345,14.6,2.7,2.38,0,2,Soy,Mashhad,40745
COORD:36.2363/59.6311DOY:346,36.2363,59.6311,346,17.1,0.2,2.12,0,2,Soy,Mashhad,40745
COORD:36.2363/59.6311DOY:347,36.2363,59.6311,347,19.8,1.7,2.38,0,2,Soy,Mashhad,40745
COORD:36.2363/59.6311DOY:348,36.2363,59.6311,348,17.4,1.9,2.25,0,2,Soy,Mashhad,40745
COORD:36.2363/59.6311DOY:349,36.2363,59.6311,349,15.7,0,2.88,0,2,Soy,Mashhad,40745
COORD:36.2363/59.6311DOY:350,36.2363,59.6311,350,7.7,2.7,1.75,0,2,Soy,Mashhad,40745
COORD:36.2363/59.6311DOY:351,36.2363,59.6311,351,12.9,1.8,1.5,0,2,Soy,Mashhad,40745
COORD:36.2363/59.6311DOY:352,36.2363,59.6311,352,9,0.2,1.5,0,2,Soy,Mashhad,40745
COORD:36.2363/59.6311DOY:353,36.2363,59.6311,353,9.3,1.6,2.62,0,2,Soy,Mashhad,40745
COORD:36.2363/59.6311DOY:354,36.2363,59.6311,354,8.5,-0.3,1,0,2,Soy,Mashhad,40745
COORD:36.2363/59.6311DOY:355,36.2363,59.6311,355,10.2,-0.6,4.12,0,2,Soy,Mashhad,40745
COORD:36.2363/59.6311DOY:356,36.2363,59.6311,356,4.5,-1.4,3.75,0,2,Soy,Mashhad,40745
COORD:36.2363/59.6311DOY:357,36.2363,59.6311,357,10.4,-1.1,2.5,0,2,Soy,Mashhad,40745
COORD:36.2363/59.6311DOY:358,36.2363,59.6311,358,12.3,0.1,1.5,0,2,Soy,Mashhad,40745
COORD:36.2363/59.6311DOY:359,36.2363,59.6311,359,11.3,2.9,3.12,0,2,Soy,Mashhad,40745
COORD:36.2363/59.6311DOY:360,36.2363,59.6311,360,15.3,-0.6,2.25,0,2,Soy,Mashhad,40745
COORD:36.2363/59.6311DOY:361,36.2363,59.6311,361,18.1,-0.9,2.75,0,2,Soy,Mashhad,40745
COORD:36.2363/59.6311DOY:362,36.2363,59.6311,362,18.1,-0.3,2.38,0,2,Soy,Mashhad,40745
COORD:36.2363/59.6311DOY:363,36.2363,59.6311,363,12.4,5,4.62,0,2,Soy,Mashhad,40745
COORD:36.2363/59.6311DOY:364,36.2363,59.6311,364,9,1,2.88,0.3,2,Soy,Mashhad,40745
COORD:36.2363/59.6311DOY:365,36.2363,59.6311,365,10.2,-0.4,2.75,0,2,Soy,Mashhad,40745
COORD:36.2363/59.6311DOY:365,36.2363,59.6311,366,10.2,-0.4,2.75,0,2,Soy,Mashhad,40745
COORD:36.2167/57.6667DOY:1,36.2167,57.6667,1,18.5,2.1,3,0,2,Soy,Sabzevar,40743
COORD:36.2167/57.6667DOY:2,36.2167,57.6667,2,19.1,3.6,2.12,0,2,Soy,Sabzevar,40743
COORD:36.2167/57.6667DOY:3,36.2167,57.6667,3,10.7,5.1,2.88,1.2,2,Soy,Sabzevar,40743
COORD:36.2167/57.6667DOY:4,36.2167,57.6667,4,11.5,3.7,2.5,0.2,2,Soy,Sabzevar,40743
COORD:36.2167/57.6667DOY:5,36.2167,57.6667,5,14.7,2.4,2.88,0,2,Soy,Sabzevar,40743
COORD:36.2167/57.6667DOY:6,36.2167,57.6667,6,14.5,-0.6,1.75,0,2,Soy,Sabzevar,40743
COORD:36.2167/57.6667DOY:7,36.2167,57.6667,7,11.1,4.2,2.5,0.2,2,Soy,Sabzevar,40743
COORD:36.2167/57.6667DOY:8,36.2167,57.6667,8,10.1,0.8,2.62,0,2,Soy,Sabzevar,40743
COORD:36.2167/57.6667DOY:9,36.2167,57.6667,9,9.1,-2.1,2.38,0,2,Soy,Sabzevar,40743
COORD:36.2167/57.6667DOY:10,36.2167,57.6667,10,10.7,-2.8,2,0,2,Soy,Sabzevar,40743
COORD:36.2167/57.6667DOY:11,36.2167,57.6667,11,11.7,-2.3,3.25,0,2,Soy,Sabzevar,40743
COORD:36.2167/57.6667DOY:12,36.2167,57.6667,12,14.6,1.2,2,0,2,Soy,Sabzevar,40743
COORD:36.2167/57.6667DOY:13,36.2167,57.6667,13,15,-0.6,1,0,2,Soy,Sabzevar,40743
COORD:36.2167/57.6667DOY:14,36.2167,57.6667,14,16.5,1.5,2.88,0,2,Soy,Sabzevar,40743
COORD:36.2167/57.6667DOY:15,36.2167,57.6667,15,13.6,0.2,4.38,0,2,Soy,Sabzevar,40743
COORD:36.2167/57.6667DOY:16,36.2167,57.6667,16,10.4,-1.1,2.25,0,2,Soy,Sabzevar,40743
COORD:36.2167/57.6667DOY:17,36.2167,57.6667,17,10,-0.6,3.25,0,2,Soy,Sabzevar,40743
COORD:36.2167/57.6667DOY:18,36.2167,57.6667,18,13.3,1.4,2.75,0,2,Soy,Sabzevar,40743
COORD:36.2167/57.6667DOY:19,36.2167,57.6667,19,16.8,-1.2,2.12,0,2,Soy,Sabzevar,40743
COORD:36.2167/57.6667DOY:20,36.2167,57.6667,20,19.8,5.2,3.12,0,2,Soy,Sabzevar,40743
COORD:36.2167/57.6667DOY:21,36.2167,57.6667,21,14.1,6.9,1.62,0,2,Soy,Sabzevar,40743
COORD:36.2167/57.6667DOY:22,36.2167,57.6667,22,13.8,0.3,1.75,0,2,Soy,Sabzevar,40743
COORD:36.2167/57.6667DOY:23,36.2167,57.6667,23,14.8,3.8,1.5,0,2,Soy,Sabzevar,40743
COORD:36.2167/57.6667DOY:24,36.2167,57.6667,24,15,1.5,1.5,0,2,Soy,Sabzevar,40743
COORD:36.2167/57.6667DOY:25,36.2167,57.6667,25,17.2,3,4.5,0,2,Soy,Sabzevar,40743
COORD:36.2167/57.6667DOY:26,36.2167,57.6667,26,17.6,4.7,5.62,0,2,Soy,Sabzevar,40743
COORD:36.2167/57.6667DOY:27,36.2167,57.6667,27,10.6,6.6,7.88,0,2,Soy,Sabzevar,40743
COORD:36.2167/57.6667DOY:28,36.2167,57.6667,28,1.6,0.2,8.5,0,2,Soy,Sabzevar,40743
COORD:36.2167/57.6667DOY:29,36.2167,57.6667,29,4.2,-6.9,3.62,0,2,Soy,Sabzevar,40743
COORD:36.2167/57.6667DOY:30,36.2167,57.6667,30,6.9,-4.1,2.88,0,2,Soy,Sabzevar,40743
COORD:36.2167/57.6667DOY:31,36.2167,57.6667,31,7.2,-4.5,2.25,0,2,Soy,Sabzevar,40743
COORD:36.2167/57.6667DOY:32,36.2167,57.6667,32,9.9,-2.5,2.5,0,2,Soy,Sabzevar,40743
COORD:36.2167/57.6667DOY:33,36.2167,57.6667,33,9.7,-4.3,1.88,0,2,Soy,Sabzevar,40743
COORD:36.2167/57.6667DOY:34,36.2167,57.6667,34,11.4,-1.6,2.5,0,2,Soy,Sabzevar,40743
COORD:36.2167/57.6667DOY:35,36.2167,57.6667,35,11.6,-2.1,1.88,0,2,Soy,Sabzevar,40743
COORD:36.2167/57.6667DOY:36,36.2167,57.6667,36,13.4,-0.8,2.75,0,2,Soy,Sabzevar,40743
COORD:36.2167/57.6667DOY:37,36.2167,57.6667,37,18.4,5.7,2.12,0,2,Soy,Sabzevar,40743
COORD:36.2167/57.6667DOY:38,36.2167,57.6667,38,18.6,5,5.62,0,2,Soy,Sabzevar,40743
COORD:36.2167/57.6667DOY:39,36.2167,57.6667,39,13.1,2.8,4.12,0,2,Soy,Sabzevar,40743
COORD:36.2167/57.6667DOY:40,36.2167,57.6667,40,10.9,-1.2,2.12,0,2,Soy,Sabzevar,40743
COORD:36.2167/57.6667DOY:41,36.2167,57.6667,41,12.1,-2.1,2.62,0,2,Soy,Sabzevar,40743
COORD:36.2167/57.6667DOY:42,36.2167,57.6667,42,13.5,-1.9,1.12,0,2,Soy,Sabzevar,40743
COORD:36.2167/57.6667DOY:43,36.2167,57.6667,43,15,1.5,1.88,0,2,Soy,Sabzevar,40743
COORD:36.2167/57.6667DOY:44,36.2167,57.6667,44,17.3,6.1,1.88,0.8,2,Soy,Sabzevar,40743
COORD:36.2167/57.6667DOY:45,36.2167,57.6667,45,20.4,13.3,6.38,0.6,2,Soy,Sabzevar,40743
COORD:36.2167/57.6667DOY:46,36.2167,57.6667,46,14.5,1.8,2.25,0,2,Soy,Sabzevar,40743
COORD:36.2167/57.6667DOY:47,36.2167,57.6667,47,13.6,2.5,2.62,0,2,Soy,Sabzevar,40743
COORD:36.2167/57.6667DOY:48,36.2167,57.6667,48,17.8,5.4,2.75,0,2,Soy,Sabzevar,40743
COORD:36.2167/57.6667DOY:49,36.2167,57.6667,49,21.9,9.6,3.12,0,2,Soy,Sabzevar,40743
COORD:36.2167/57.6667DOY:50,36.2167,57.6667,50,21.6,12.7,3.5,0,2,Soy,Sabzevar,40743
COORD:36.2167/57.6667DOY:51,36.2167,57.6667,51,17,5.5,2.25,0,2,Soy,Sabzevar,40743
COORD:36.2167/57.6667DOY:52,36.2167,57.6667,52,17,3.2,2.12,0,2,Soy,Sabzevar,40743
COORD:36.2167/57.6667DOY:53,36.2167,57.6667,53,20.4,7,2.25,0,2,Soy,Sabzevar,40743
COORD:36.2167/57.6667DOY:54,36.2167,57.6667,54,17,9.8,2.25,1,2,Soy,Sabzevar,40743
COORD:36.2167/57.6667DOY:55,36.2167,57.6667,55,17,5.2,1.75,0.4,2,Soy,Sabzevar,40743
COORD:36.2167/57.6667DOY:56,36.2167,57.6667,56,13.2,9.9,2.12,13,2,Soy,Sabzevar,40743
COORD:36.2167/57.6667DOY:57,36.2167,57.6667,57,15.6,9.2,2.88,0.2,2,Soy,Sabzevar,40743
COORD:36.2167/57.6667DOY:58,36.2167,57.6667,58,20.8,8.5,2.25,0,2,Soy,Sabzevar,40743
COORD:36.2167/57.6667DOY:59,36.2167,57.6667,59,19.5,8,2.62,0,2,Soy,Sabzevar,40743
COORD:36.2167/57.6667DOY:60,36.2167,57.6667,60,18.4,10,1.62,3,2,Soy,Sabzevar,40743
COORD:36.2167/57.6667DOY:61,36.2167,57.6667,61,17.7,8.3,3.25,0.6,2,Soy,Sabzevar,40743
COORD:36.2167/57.6667DOY:62,36.2167,57.6667,62,17.5,7.8,3,0,2,Soy,Sabzevar,40743
COORD:36.2167/57.6667DOY:63,36.2167,57.6667,63,20.4,8.1,2.88,0,2,Soy,Sabzevar,40743
COORD:36.2167/57.6667DOY:64,36.2167,57.6667,64,23.2,10,4.12,0,2,Soy,Sabzevar,40743
COORD:36.2167/57.6667DOY:65,36.2167,57.6667,65,23.7,11,3.38,0,2,Soy,Sabzevar,40743
COORD:36.2167/57.6667DOY:66,36.2167,57.6667,66,21.9,8.8,4.12,0.8,2,Soy,Sabzevar,40743
COORD:36.2167/57.6667DOY:67,36.2167,57.6667,67,21.1,6.3,2.38,0,2,Soy,Sabzevar,40743
COORD:36.2167/57.6667DOY:68,36.2167,57.6667,68,24.9,12.2,4.25,0,2,Soy,Sabzevar,40743
COORD:36.2167/57.6667DOY:69,36.2167,57.6667,69,24.6,13,3.75,0,2,Soy,Sabzevar,40743
COORD:36.2167/57.6667DOY:70,36.2167,57.6667,70,21.7,6.1,2.38,0,2,Soy,Sabzevar,40743
COORD:36.2167/57.6667DOY:71,36.2167,57.6667,71,21.9,11.4,3.75,0,2,Soy,Sabzevar,40743
COORD:36.2167/57.6667DOY:72,36.2167,57.6667,72,16.6,7.2,4.5,0.4,2,Soy,Sabzevar,40743
COORD:36.2167/57.6667DOY:73,36.2167,57.6667,73,19,4.5,2.75,0,2,Soy,Sabzevar,40743
COORD:36.2167/57.6667DOY:74,36.2167,57.6667,74,21.7,7.3,3.38,0,2,Soy,Sabzevar,40743
COORD:36.2167/57.6667DOY:75,36.2167,57.6667,75,25.1,11,3.75,0,2,Soy,Sabzevar,40743
COORD:36.2167/57.6667DOY:76,36.2167,57.6667,76,22.8,15.4,4.75,0.2,2,Soy,Sabzevar,40743
COORD:36.2167/57.6667DOY:77,36.2167,57.6667,77,10.7,8.2,1.88,0.6,2,Soy,Sabzevar,40743
COORD:36.2167/57.6667DOY:78,36.2167,57.6667,78,18.9,8.7,2.38,0,2,Soy,Sabzevar,40743
COORD:36.2167/57.6667DOY:79,36.2167,57.6667,79,21.6,7.2,2.38,0,2,Soy,Sabzevar,40743
COORD:36.2167/57.6667DOY:80,36.2167,57.6667,80,25.1,9.1,2.5,0,2,Soy,Sabzevar,40743
COORD:36.2167/57.6667DOY:81,36.2167,57.6667,81,25.7,9.7,3.75,0,2,Soy,Sabzevar,40743
COORD:36.2167/57.6667DOY:82,36.2167,57.6667,82,23,12,3.25,0,2,Soy,Sabzevar,40743
COORD:36.2167/57.6667DOY:83,36.2167,57.6667,83,27.4,11.2,3.12,0,2,Soy,Sabzevar,40743
COORD:36.2167/57.6667DOY:84,36.2167,57.6667,84,31.4,15.5,2.62,0,2,Soy,Sabzevar,40743
COORD:36.2167/57.6667DOY:85,36.2167,57.6667,85,29.5,18,4.75,0,2,Soy,Sabzevar,40743
COORD:36.2167/57.6667DOY:86,36.2167,57.6667,86,27.8,12.5,3.5,0,2,Soy,Sabzevar,40743
COORD:36.2167/57.6667DOY:87,36.2167,57.6667,87,31,14,3.62,0,2,Soy,Sabzevar,40743
COORD:36.2167/57.6667DOY:88,36.2167,57.6667,88,31.3,17.6,3.12,0,2,Soy,Sabzevar,40743
COORD:36.2167/57.6667DOY:89,36.2167,57.6667,89,34.8,19.6,4.5,0,2,Soy,Sabzevar,40743
COORD:36.2167/57.6667DOY:90,36.2167,57.6667,90,24.6,15.2,4.88,0,2,Soy,Sabzevar,40743
COORD:36.2167/57.6667DOY:91,36.2167,57.6667,91,19.8,11.4,7.25,0,2,Soy,Sabzevar,40743
COORD:36.2167/57.6667DOY:92,36.2167,57.6667,92,25.2,7.5,4.75,0,2,Soy,Sabzevar,40743
COORD:36.2167/57.6667DOY:93,36.2167,57.6667,93,28.3,9.5,3.25,0,2,Soy,Sabzevar,40743
COORD:36.2167/57.6667DOY:94,36.2167,57.6667,94,30,14.3,5.62,0,2,Soy,Sabzevar,40743
COORD:36.2167/57.6667DOY:95,36.2167,57.6667,95,23.4,14.3,7,0,2,Soy,Sabzevar,40743
COORD:36.2167/57.6667DOY:96,36.2167,57.6667,96,23.8,10.4,3.75,0,2,Soy,Sabzevar,40743
COORD:36.2167/57.6667DOY:97,36.2167,57.6667,97,24.3,10.7,6.88,0,2,Soy,Sabzevar,40743
COORD:36.2167/57.6667DOY:98,36.2167,57.6667,98,19.3,11,6.62,0,2,Soy,Sabzevar,40743
COORD:36.2167/57.6667DOY:99,36.2167,57.6667,99,23,8.1,5.38,0,2,Soy,Sabzevar,40743
COORD:36.2167/57.6667DOY:100,36.2167,57.6667,100,23.9,11,5.38,0,2,Soy,Sabzevar,40743
COORD:36.2167/57.6667DOY:101,36.2167,57.6667,101,28.6,10.3,4.38,0,2,Soy,Sabzevar,40743
COORD:36.2167/57.6667DOY:102,36.2167,57.6667,102,27.9,12.2,3.12,0,2,Soy,Sabzevar,40743
COORD:36.2167/57.6667DOY:103,36.2167,57.6667,103,27.6,15,3.5,0.4,2,Soy,Sabzevar,40743
COORD:36.2167/57.6667DOY:104,36.2167,57.6667,104,20.5,13.3,3.88,15,2,Soy,Sabzevar,40743
COORD:36.2167/57.6667DOY:105,36.2167,57.6667,105,18.5,10.3,3.88,0,2,Soy,Sabzevar,40743
COORD:36.2167/57.6667DOY:106,36.2167,57.6667,106,13,11.5,4.88,11.2,2,Soy,Sabzevar,40743
COORD:36.2167/57.6667DOY:107,36.2167,57.6667,107,8.2,3.4,4.38,2,2,Soy,Sabzevar,40743
COORD:36.2167/57.6667DOY:108,36.2167,57.6667,108,14.9,5.7,3.5,0,2,Soy,Sabzevar,40743
COORD:36.2167/57.6667DOY:109,36.2167,57.6667,109,17.5,5.5,2.25,0,2,Soy,Sabzevar,40743
COORD:36.2167/57.6667DOY:110,36.2167,57.6667,110,23.3,9.2,3.62,0,2,Soy,Sabzevar,40743
COORD:36.2167/57.6667DOY:111,36.2167,57.6667,111,28.9,14.3,4.12,0,2,Soy,Sabzevar,40743
COORD:36.2167/57.6667DOY:112,36.2167,57.6667,112,27.4,17.3,3,0,2,Soy,Sabzevar,40743
COORD:36.2167/57.6667DOY:113,36.2167,57.6667,113,30.1,17.3,4.38,0.2,2,Soy,Sabzevar,40743
COORD:36.2167/57.6667DOY:114,36.2167,57.6667,114,23.4,13.8,3.25,3,2,Soy,Sabzevar,40743
COORD:36.2167/57.6667DOY:115,36.2167,57.6667,115,25.2,12.1,4.62,0,2,Soy,Sabzevar,40743
COORD:36.2167/57.6667DOY:116,36.2167,57.6667,116,27.7,13.7,5.12,0,2,Soy,Sabzevar,40743
COORD:36.2167/57.6667DOY:117,36.2167,57.6667,117,28.6,15.5,7,0,2,Soy,Sabzevar,40743
COORD:36.2167/57.6667DOY:118,36.2167,57.6667,118,32.7,16.5,3.75,0,2,Soy,Sabzevar,40743
COORD:36.2167/57.6667DOY:119,36.2167,57.6667,119,29.4,17.8,3.12,0,2,Soy,Sabzevar,40743
COORD:36.2167/57.6667DOY:120,36.2167,57.6667,120,20.8,14,5.12,1,2,Soy,Sabzevar,40743
COORD:36.2167/57.6667DOY:121,36.2167,57.6667,121,23.7,13.5,7.25,1,2,Soy,Sabzevar,40743
COORD:36.2167/57.6667DOY:122,36.2167,57.6667,122,26.9,13.9,7.12,0,2,Soy,Sabzevar,40743
COORD:36.2167/57.6667DOY:123,36.2167,57.6667,123,28.8,14.7,6.25,0,2,Soy,Sabzevar,40743
COORD:36.2167/57.6667DOY:124,36.2167,57.6667,124,30.3,16.7,5,0,2,Soy,Sabzevar,40743
COORD:36.2167/57.6667DOY:125,36.2167,57.6667,125,29.9,18.4,4.62,0,2,Soy,Sabzevar,40743
COORD:36.2167/57.6667DOY:126,36.2167,57.6667,126,31.4,18.2,4.12,0,2,Soy,Sabzevar,40743
COORD:36.2167/57.6667DOY:127,36.2167,57.6667,127,28.3,19.2,2.38,0,2,Soy,Sabzevar,40743
COORD:36.2167/57.6667DOY:128,36.2167,57.6667,128,32.8,16.9,3.62,0,2,Soy,Sabzevar,40743
COORD:36.2167/57.6667DOY:129,36.2167,57.6667,129,34.1,20.5,5.5,0,2,Soy,Sabzevar,40743
COORD:36.2167/57.6667DOY:130,36.2167,57.6667,130,29.7,18.5,5.75,0.2,2,Soy,Sabzevar,40743
COORD:36.2167/57.6667DOY:131,36.2167,57.6667,131,26.1,17.8,3.62,9,2,Soy,Sabzevar,40743
COORD:36.2167/57.6667DOY:132,36.2167,57.6667,132,25.8,14,4.5,0.7,2,Soy,Sabzevar,40743
COORD:36.2167/57.6667DOY:133,36.2167,57.6667,133,25.4,13.2,2.75,7,2,Soy,Sabzevar,40743
COORD:36.2167/57.6667DOY:134,36.2167,57.6667,134,27.8,14,5.25,0.3,2,Soy,Sabzevar,40743
COORD:36.2167/57.6667DOY:135,36.2167,57.6667,135,21.8,13.6,2.75,0.7,2,Soy,Sabzevar,40743
COORD:36.2167/57.6667DOY:136,36.2167,57.6667,136,23.4,12.8,4.88,0.2,2,Soy,Sabzevar,40743
COORD:36.2167/57.6667DOY:137,36.2167,57.6667,137,22.1,14.2,3.62,0,2,Soy,Sabzevar,40743
COORD:36.2167/57.6667DOY:138,36.2167,57.6667,138,25.3,9.3,2.38,0,2,Soy,Sabzevar,40743
COORD:36.2167/57.6667DOY:139,36.2167,57.6667,139,27.9,10.4,3.12,0,2,Soy,Sabzevar,40743
COORD:36.2167/57.6667DOY:140,36.2167,57.6667,140,28.4,15.7,3.88,0,2,Soy,Sabzevar,40743
COORD:36.2167/57.6667DOY:141,36.2167,57.6667,141,30.5,17.8,4.12,0,2,Soy,Sabzevar,40743
COORD:36.2167/57.6667DOY:142,36.2167,57.6667,142,31.8,17.2,3.12,0,2,Soy,Sabzevar,40743
COORD:36.2167/57.6667DOY:143,36.2167,57.6667,143,32,17.2,3.75,0,2,Soy,Sabzevar,40743
COORD:36.2167/57.6667DOY:144,36.2167,57.6667,144,31.9,16.4,3.62,0,2,Soy,Sabzevar,40743
COORD:36.2167/57.6667DOY:145,36.2167,57.6667,145,34.7,18.2,2.5,0,2,Soy,Sabzevar,40743
COORD:36.2167/57.6667DOY:146,36.2167,57.6667,146,35.9,20.3,4.12,0,2,Soy,Sabzevar,40743
COORD:36.2167/57.6667DOY:147,36.2167,57.6667,147,33,20.9,6.38,0,2,Soy,Sabzevar,40743
COORD:36.2167/57.6667DOY:148,36.2167,57.6667,148,32.1,19.5,4.5,0,2,Soy,Sabzevar,40743
COORD:36.2167/57.6667DOY:149,36.2167,57.6667,149,32.8,17.4,4.75,0,2,Soy,Sabzevar,40743
COORD:36.2167/57.6667DOY:150,36.2167,57.6667,150,32.9,21,5.88,0,2,Soy,Sabzevar,40743
COORD:36.2167/57.6667DOY:151,36.2167,57.6667,151,36.3,20.2,4.75,0,2,Soy,Sabzevar,40743
COORD:36.2167/57.6667DOY:152,36.2167,57.6667,152,38.4,24.1,3.62,0,2,Soy,Sabzevar,40743
COORD:36.2167/57.6667DOY:153,36.2167,57.6667,153,35.6,26.3,4.25,0,2,Soy,Sabzevar,40743
COORD:36.2167/57.6667DOY:154,36.2167,57.6667,154,32.5,18.9,4.12,0,2,Soy,Sabzevar,40743
COORD:36.2167/57.6667DOY:155,36.2167,57.6667,155,35.7,19.1,5.38,0,2,Soy,Sabzevar,40743
COORD:36.2167/57.6667DOY:156,36.2167,57.6667,156,40.1,21.9,3.88,0,2,Soy,Sabzevar,40743
COORD:36.2167/57.6667DOY:157,36.2167,57.6667,157,40.7,27.2,4,0,2,Soy,Sabzevar,40743
COORD:36.2167/57.6667DOY:158,36.2167,57.6667,158,40.5,22.7,4.38,0,2,Soy,Sabzevar,40743
COORD:36.2167/57.6667DOY:159,36.2167,57.6667,159,33.8,25.5,5.38,0,2,Soy,Sabzevar,40743
COORD:36.2167/57.6667DOY:160,36.2167,57.6667,160,34.9,21.3,4.75,0,2,Soy,Sabzevar,40743
COORD:36.2167/57.6667DOY:161,36.2167,57.6667,161,34.7,20.7,3.88,0,2,Soy,Sabzevar,40743
COORD:36.2167/57.6667DOY:162,36.2167,57.6667,162,36.4,19.8,3.88,0.6,2,Soy,Sabzevar,40743
COORD:36.2167/57.6667DOY:163,36.2167,57.6667,163,36.8,23.4,4.75,0,2,Soy,Sabzevar,40743
COORD:36.2167/57.6667DOY:164,36.2167,57.6667,164,34,23.1,5.75,0,2,Soy,Sabzevar,40743
COORD:36.2167/57.6667DOY:165,36.2167,57.6667,165,34.8,20.7,5,0,2,Soy,Sabzevar,40743
COORD:36.2167/57.6667DOY:166,36.2167,57.6667,166,33.9,20.2,7.62,0,2,Soy,Sabzevar,40743
COORD:36.2167/57.6667DOY:167,36.2167,57.6667,167,35.8,20.4,5.5,0,2,Soy,Sabzevar,40743
COORD:36.2167/57.6667DOY:168,36.2167,57.6667,168,35.7,21.3,5.5,0,2,Soy,Sabzevar,40743
COORD:36.2167/57.6667DOY:169,36.2167,57.6667,169,37.2,24.6,4.25,0,2,Soy,Sabzevar,40743
COORD:36.2167/57.6667DOY:170,36.2167,57.6667,170,38.2,23.6,5.12,0,2,Soy,Sabzevar,40743
COORD:36.2167/57.6667DOY:171,36.2167,57.6667,171,37.9,24.9,5,0,2,Soy,Sabzevar,40743
COORD:36.2167/57.6667DOY:172,36.2167,57.6667,172,37.5,24.7,6.12,0,2,Soy,Sabzevar,40743
COORD:36.2167/57.6667DOY:173,36.2167,57.6667,173,38.4,25.2,5.38,0,2,Soy,Sabzevar,40743
COORD:36.2167/57.6667DOY:174,36.2167,57.6667,174,39.2,24.6,4.75,0,2,Soy,Sabzevar,40743
COORD:36.2167/57.6667DOY:175,36.2167,57.6667,175,39.7,26.7,5.38,0,2,Soy,Sabzevar,40743
COORD:36.2167/57.6667DOY:176,36.2167,57.6667,176,36.6,25.5,5.5,0,2,Soy,Sabzevar,40743
COORD:36.2167/57.6667DOY:177,36.2167,57.6667,177,36.5,21.3,4.88,0,2,Soy,Sabzevar,40743
COORD:36.2167/57.6667DOY:178,36.2167,57.6667,178,36.5,22.8,3.5,0,2,Soy,Sabzevar,40743
COORD:36.2167/57.6667DOY:179,36.2167,57.6667,179,36.8,23.3,4.38,0,2,Soy,Sabzevar,40743
COORD:36.2167/57.6667DOY:180,36.2167,57.6667,180,37.8,20.9,3.62,0,2,Soy,Sabzevar,40743
COORD:36.2167/57.6667DOY:181,36.2167,57.6667,181,39.4,25.5,4,0,2,Soy,Sabzevar,40743
COORD:36.2167/57.6667DOY:182,36.2167,57.6667,182,39.9,27.1,4.62,0,2,Soy,Sabzevar,40743
COORD:36.2167/57.6667DOY:183,36.2167,57.6667,183,39.5,21.8,4.88,0,2,Soy,Sabzevar,40743
COORD:36.2167/57.6667DOY:184,36.2167,57.6667,184,37.6,27.5,6.62,0,2,Soy,Sabzevar,40743
COORD:36.2167/57.6667DOY:185,36.2167,57.6667,185,36.7,25.9,6.5,0,2,Soy,Sabzevar,40743
COORD:36.2167/57.6667DOY:186,36.2167,57.6667,186,37.7,21.2,3.88,0,2,Soy,Sabzevar,40743
COORD:36.2167/57.6667DOY:187,36.2167,57.6667,187,40.1,23.6,3,0,2,Soy,Sabzevar,40743
COORD:36.2167/57.6667DOY:188,36.2167,57.6667,188,41.5,26.5,3.5,0,2,Soy,Sabzevar,40743
COORD:36.2167/57.6667DOY:189,36.2167,57.6667,189,40.9,23.7,4.38,0,2,Soy,Sabzevar,40743
COORD:36.2167/57.6667DOY:190,36.2167,57.6667,190,41.5,28,4.12,0,2,Soy,Sabzevar,40743
COORD:36.2167/57.6667DOY:191,36.2167,57.6667,191,40.5,23.9,3.25,0,2,Soy,Sabzevar,40743
COORD:36.2167/57.6667DOY:192,36.2167,57.6667,192,37.8,29.1,7,0,2,Soy,Sabzevar,40743
COORD:36.2167/57.6667DOY:193,36.2167,57.6667,193,38.5,27,6,0,2,Soy,Sabzevar,40743
COORD:36.2167/57.6667DOY:194,36.2167,57.6667,194,40.2,22.3,2.88,0,2,Soy,Sabzevar,40743
COORD:36.2167/57.6667DOY:195,36.2167,57.6667,195,41.1,22.4,3.88,0,2,Soy,Sabzevar,40743
COORD:36.2167/57.6667DOY:196,36.2167,57.6667,196,41.5,26.7,5.25,0,2,Soy,Sabzevar,40743
COORD:36.2167/57.6667DOY:197,36.2167,57.6667,197,42.3,30.5,5.75,0,2,Soy,Sabzevar,40743
COORD:36.2167/57.6667DOY:198,36.2167,57.6667,198,40.7,26.8,4.62,0,2,Soy,Sabzevar,40743
COORD:36.2167/57.6667DOY:199,36.2167,57.6667,199,41.8,23.8,4,0,2,Soy,Sabzevar,40743
COORD:36.2167/57.6667DOY:200,36.2167,57.6667,200,42.6,26.6,3.62,0,2,Soy,Sabzevar,40743
COORD:36.2167/57.6667DOY:201,36.2167,57.6667,201,42.8,24.4,3.38,0,2,Soy,Sabzevar,40743
COORD:36.2167/57.6667DOY:202,36.2167,57.6667,202,43.1,24,4.12,0,2,Soy,Sabzevar,40743
COORD:36.2167/57.6667DOY:203,36.2167,57.6667,203,42.2,27,4.75,0,2,Soy,Sabzevar,40743
COORD:36.2167/57.6667DOY:204,36.2167,57.6667,204,42.8,30.7,5.62,0,2,Soy,Sabzevar,40743
COORD:36.2167/57.6667DOY:205,36.2167,57.6667,205,42.4,30.1,5.88,0,2,Soy,Sabzevar,40743
COORD:36.2167/57.6667DOY:206,36.2167,57.6667,206,42.2,27.3,5.25,0,2,Soy,Sabzevar,40743
COORD:36.2167/57.6667DOY:207,36.2167,57.6667,207,40.8,26.5,4.75,0,2,Soy,Sabzevar,40743
COORD:36.2167/57.6667DOY:208,36.2167,57.6667,208,37.5,24.6,6.12,0,2,Soy,Sabzevar,40743
COORD:36.2167/57.6667DOY:209,36.2167,57.6667,209,35.8,20.5,5.5,0,2,Soy,Sabzevar,40743
COORD:36.2167/57.6667DOY:210,36.2167,57.6667,210,36.8,21.1,4,0,2,Soy,Sabzevar,40743
COORD:36.2167/57.6667DOY:211,36.2167,57.6667,211,37.3,21.3,3.75,0,2,Soy,Sabzevar,40743
COORD:36.2167/57.6667DOY:212,36.2167,57.6667,212,39.3,22.2,4.25,0,2,Soy,Sabzevar,40743
COORD:36.2167/57.6667DOY:213,36.2167,57.6667,213,39,24.5,4.25,0,2,Soy,Sabzevar,40743
COORD:36.2167/57.6667DOY:214,36.2167,57.6667,214,37.7,25.8,4.12,0,2,Soy,Sabzevar,40743
COORD:36.2167/57.6667DOY:215,36.2167,57.6667,215,38,25.7,5.12,0,2,Soy,Sabzevar,40743
COORD:36.2167/57.6667DOY:216,36.2167,57.6667,216,39.4,25.5,4.38,0,2,Soy,Sabzevar,40743
COORD:36.2167/57.6667DOY:217,36.2167,57.6667,217,41.4,26.5,4.75,0,2,Soy,Sabzevar,40743
COORD:36.2167/57.6667DOY:218,36.2167,57.6667,218,40,25.1,3.38,0,2,Soy,Sabzevar,40743
COORD:36.2167/57.6667DOY:219,36.2167,57.6667,219,38.8,26.6,5.88,0,2,Soy,Sabzevar,40743
COORD:36.2167/57.6667DOY:220,36.2167,57.6667,220,37.8,26.1,5.5,0,2,Soy,Sabzevar,40743
COORD:36.2167/57.6667DOY:221,36.2167,57.6667,221,38.8,25.1,4.88,0,2,Soy,Sabzevar,40743
COORD:36.2167/57.6667DOY:222,36.2167,57.6667,222,40,25.1,5,0,2,Soy,Sabzevar,40743
COORD:36.2167/57.6667DOY:223,36.2167,57.6667,223,38.4,23.8,4.38,0,2,Soy,Sabzevar,40743
COORD:36.2167/57.6667DOY:224,36.2167,57.6667,224,36.9,24.5,5,0,2,Soy,Sabzevar,40743
COORD:36.2167/57.6667DOY:225,36.2167,57.6667,225,37.9,22.2,5.75,0,2,Soy,Sabzevar,40743
COORD:36.2167/57.6667DOY:226,36.2167,57.6667,226,38.4,23.5,6.5,0,2,Soy,Sabzevar,40743
COORD:36.2167/57.6667DOY:227,36.2167,57.6667,227,38.1,25.4,5.38,0,2,Soy,Sabzevar,40743
COORD:36.2167/57.6667DOY:228,36.2167,57.6667,228,38.2,25.8,4.25,0,2,Soy,Sabzevar,40743
COORD:36.2167/57.6667DOY:229,36.2167,57.6667,229,39.6,25.6,4,0,2,Soy,Sabzevar,40743
COORD:36.2167/57.6667DOY:230,36.2167,57.6667,230,40.1,24.2,3.88,0,2,Soy,Sabzevar,40743
COORD:36.2167/57.6667DOY:231,36.2167,57.6667,231,41.8,26,5.38,0,2,Soy,Sabzevar,40743
COORD:36.2167/57.6667DOY:232,36.2167,57.6667,232,35.1,24.4,6.62,0,2,Soy,Sabzevar,40743
COORD:36.2167/57.6667DOY:233,36.2167,57.6667,233,34.7,22.3,6,0,2,Soy,Sabzevar,40743
COORD:36.2167/57.6667DOY:234,36.2167,57.6667,234,34.7,21.5,5.5,0,2,Soy,Sabzevar,40743
COORD:36.2167/57.6667DOY:235,36.2167,57.6667,235,36.3,20.6,4.62,0,2,Soy,Sabzevar,40743
COORD:36.2167/57.6667DOY:236,36.2167,57.6667,236,35.9,21.9,4.88,0,2,Soy,Sabzevar,40743
COORD:36.2167/57.6667DOY:237,36.2167,57.6667,237,34.6,23.4,5,0,2,Soy,Sabzevar,40743
COORD:36.2167/57.6667DOY:238,36.2167,57.6667,238,33.9,21.5,4.75,0,2,Soy,Sabzevar,40743
COORD:36.2167/57.6667DOY:239,36.2167,57.6667,239,34.8,20.6,3.75,0,2,Soy,Sabzevar,40743
COORD:36.2167/57.6667DOY:240,36.2167,57.6667,240,37.7,21.6,4.62,0,2,Soy,Sabzevar,40743
COORD:36.2167/57.6667DOY:241,36.2167,57.6667,241,36.9,23.1,7.38,0,2,Soy,Sabzevar,40743
COORD:36.2167/57.6667DOY:242,36.2167,57.6667,242,35.4,21.8,6.38,0,2,Soy,Sabzevar,40743
COORD:36.2167/57.6667DOY:243,36.2167,57.6667,243,34,20.1,5.5,0,2,Soy,Sabzevar,40743
COORD:36.2167/57.6667DOY:244,36.2167,57.6667,244,31.9,17.9,5.75,0,2,Soy,Sabzevar,40743
COORD:36.2167/57.6667DOY:245,36.2167,57.6667,245,30.2,18.7,4.5,0,2,Soy,Sabzevar,40743
COORD:36.2167/57.6667DOY:246,36.2167,57.6667,246,30.5,16.9,5.25,0,2,Soy,Sabzevar,40743
COORD:36.2167/57.6667DOY:247,36.2167,57.6667,247,31.2,14.7,4,0,2,Soy,Sabzevar,40743
COORD:36.2167/57.6667DOY:248,36.2167,57.6667,248,33,15.8,4,0,2,Soy,Sabzevar,40743
COORD:36.2167/57.6667DOY:249,36.2167,57.6667,249,34.8,17.3,3.88,0,2,Soy,Sabzevar,40743
COORD:36.2167/57.6667DOY:250,36.2167,57.6667,250,37.3,20.7,3.38,0,2,Soy,Sabzevar,40743
COORD:36.2167/57.6667DOY:251,36.2167,57.6667,251,38.7,22.5,3.75,0,2,Soy,Sabzevar,40743
COORD:36.2167/57.6667DOY:252,36.2167,57.6667,252,40.4,24.4,3.38,0,2,Soy,Sabzevar,40743
COORD:36.2167/57.6667DOY:253,36.2167,57.6667,253,40.4,21.7,2.75,0,2,Soy,Sabzevar,40743
COORD:36.2167/57.6667DOY:254,36.2167,57.6667,254,41.8,23.8,3.62,0,2,Soy,Sabzevar,40743
COORD:36.2167/57.6667DOY:255,36.2167,57.6667,255,40.5,26.4,4.25,0,2,Soy,Sabzevar,40743
COORD:36.2167/57.6667DOY:256,36.2167,57.6667,256,34,24,3.38,0,2,Soy,Sabzevar,40743
COORD:36.2167/57.6667DOY:257,36.2167,57.6667,257,32.2,22.1,4,0,2,Soy,Sabzevar,40743
COORD:36.2167/57.6667DOY:258,36.2167,57.6667,258,32.9,18.2,3.12,0,2,Soy,Sabzevar,40743
COORD:36.2167/57.6667DOY:259,36.2167,57.6667,259,35.2,18.2,4.12,0,2,Soy,Sabzevar,40743
COORD:36.2167/57.6667DOY:260,36.2167,57.6667,260,38.5,19.2,3.5,0,2,Soy,Sabzevar,40743
COORD:36.2167/57.6667DOY:261,36.2167,57.6667,261,35.7,20.4,2.88,0,2,Soy,Sabzevar,40743
COORD:36.2167/57.6667DOY:262,36.2167,57.6667,262,33.5,20.8,4.5,5,2,Soy,Sabzevar,40743
COORD:36.2167/57.6667DOY:263,36.2167,57.6667,263,27.4,14.6,4.5,2,2,Soy,Sabzevar,40743
COORD:36.2167/57.6667DOY:264,36.2167,57.6667,264,27.4,14.4,5.38,0,2,Soy,Sabzevar,40743
COORD:36.2167/57.6667DOY:265,36.2167,57.6667,265,30,16,3.25,0,2,Soy,Sabzevar,40743
COORD:36.2167/57.6667DOY:266,36.2167,57.6667,266,31.5,17.6,3.75,0,2,Soy,Sabzevar,40743
COORD:36.2167/57.6667DOY:267,36.2167,57.6667,267,34.2,19,4.62,0,2,Soy,Sabzevar,40743
COORD:36.2167/57.6667DOY:268,36.2167,57.6667,268,30.3,19.2,3.38,0,2,Soy,Sabzevar,40743
COORD:36.2167/57.6667DOY:269,36.2167,57.6667,269,31.2,18.4,4.38,0,2,Soy,Sabzevar,40743
COORD:36.2167/57.6667DOY:270,36.2167,57.6667,270,29.6,16.9,3.38,0,2,Soy,Sabzevar,40743
COORD:36.2167/57.6667DOY:271,36.2167,57.6667,271,29.6,17.2,4.12,0,2,Soy,Sabzevar,40743
COORD:36.2167/57.6667DOY:272,36.2167,57.6667,272,30.1,18,3.88,0,2,Soy,Sabzevar,40743
COORD:36.2167/57.6667DOY:273,36.2167,57.6667,273,31.4,15.5,2.25,0,2,Soy,Sabzevar,40743
COORD:36.2167/57.6667DOY:274,36.2167,57.6667,274,31.1,16.3,3.12,0,2,Soy,Sabzevar,40743
COORD:36.2167/57.6667DOY:275,36.2167,57.6667,275,32.7,18.3,3.62,0,2,Soy,Sabzevar,40743
COORD:36.2167/57.6667DOY:276,36.2167,57.6667,276,30.4,20.2,3.38,0,2,Soy,Sabzevar,40743
COORD:36.2167/57.6667DOY:277,36.2167,57.6667,277,30,16.8,2.25,0,2,Soy,Sabzevar,40743
COORD:36.2167/57.6667DOY:278,36.2167,57.6667,278,32.2,17,3.12,0,2,Soy,Sabzevar,40743
COORD:36.2167/57.6667DOY:279,36.2167,57.6667,279,27,20.1,6.12,0.3,2,Soy,Sabzevar,40743
COORD:36.2167/57.6667DOY:280,36.2167,57.6667,280,18.2,12.6,5.62,12,2,Soy,Sabzevar,40743
COORD:36.2167/57.6667DOY:281,36.2167,57.6667,281,19.9,6.4,5.38,0,2,Soy,Sabzevar,40743
COORD:36.2167/57.6667DOY:282,36.2167,57.6667,282,23.7,7.1,4,0,2,Soy,Sabzevar,40743
COORD:36.2167/57.6667DOY:283,36.2167,57.6667,283,25.8,8.5,2.88,0,2,Soy,Sabzevar,40743
COORD:36.2167/57.6667DOY:284,36.2167,57.6667,284,24.8,10,2.75,0,2,Soy,Sabzevar,40743
COORD:36.2167/57.6667DOY:285,36.2167,57.6667,285,25.8,11.1,3.62,0,2,Soy,Sabzevar,40743
COORD:36.2167/57.6667DOY:286,36.2167,57.6667,286,22.7,12.6,3.12,0,2,Soy,Sabzevar,40743
COORD:36.2167/57.6667DOY:287,36.2167,57.6667,287,21.4,8.3,3.25,0,2,Soy,Sabzevar,40743
COORD:36.2167/57.6667DOY:288,36.2167,57.6667,288,22.3,10,4,0,2,Soy,Sabzevar,40743
COORD:36.2167/57.6667DOY:289,36.2167,57.6667,289,19.9,13.4,4.25,0,2,Soy,Sabzevar,40743
COORD:36.2167/57.6667DOY:290,36.2167,57.6667,290,20,7,4.12,0,2,Soy,Sabzevar,40743
COORD:36.2167/57.6667DOY:291,36.2167,57.6667,291,21,7.2,3.12,0,2,Soy,Sabzevar,40743
COORD:36.2167/57.6667DOY:292,36.2167,57.6667,292,23.1,8.2,2.62,0,2,Soy,Sabzevar,40743
COORD:36.2167/57.6667DOY:293,36.2167,57.6667,293,24.8,10.2,2.12,0,2,Soy,Sabzevar,40743
COORD:36.2167/57.6667DOY:294,36.2167,57.6667,294,25.1,9.8,3.12,0,2,Soy,Sabzevar,40743
COORD:36.2167/57.6667DOY:295,36.2167,57.6667,295,26.8,12.8,2.25,0,2,Soy,Sabzevar,40743
COORD:36.2167/57.6667DOY:296,36.2167,57.6667,296,28.3,14.6,2.25,0,2,Soy,Sabzevar,40743
COORD:36.2167/57.6667DOY:297,36.2167,57.6667,297,26.6,15.4,1.75,0,2,Soy,Sabzevar,40743
COORD:36.2167/57.6667DOY:298,36.2167,57.6667,298,27.2,13.8,3.88,0,2,Soy,Sabzevar,40743
COORD:36.2167/57.6667DOY:299,36.2167,57.6667,299,31.2,18.8,3.12,0,2,Soy,Sabzevar,40743
COORD:36.2167/57.6667DOY:300,36.2167,57.6667,300,27.1,14.6,3.62,0,2,Soy,Sabzevar,40743
COORD:36.2167/57.6667DOY:301,36.2167,57.6667,301,13.5,12.5,4.75,16.6,2,Soy,Sabzevar,40743
COORD:36.2167/57.6667DOY:302,36.2167,57.6667,302,15.7,7.2,3.75,0,2,Soy,Sabzevar,40743
COORD:36.2167/57.6667DOY:303,36.2167,57.6667,303,17,11,2.75,0,2,Soy,Sabzevar,40743
COORD:36.2167/57.6667DOY:304,36.2167,57.6667,304,11.9,10.4,1.75,5.8,2,Soy,Sabzevar,40743
COORD:36.2167/57.6667DOY:305,36.2167,57.6667,305,15.3,5.8,4.12,0.2,2,Soy,Sabzevar,40743
COORD:36.2167/57.6667DOY:306,36.2167,57.6667,306,14.9,5.4,4.38,0,2,Soy,Sabzevar,40743
COORD:36.2167/57.6667DOY:307,36.2167,57.6667,307,14.9,3.1,5.29,0,2,Soy,Sabzevar,40743
COORD:36.2167/57.6667DOY:308,36.2167,57.6667,308,17,3.5,5,0,2,Soy,Sabzevar,40743
COORD:36.2167/57.6667DOY:309,36.2167,57.6667,309,18.9,4.2,2.25,0,2,Soy,Sabzevar,40743
COORD:36.2167/57.6667DOY:310,36.2167,57.6667,310,21.5,8.2,0.5,0,2,Soy,Sabzevar,40743
COORD:36.2167/57.6667DOY:311,36.2167,57.6667,311,15.7,12.3,1.75,0,2,Soy,Sabzevar,40743
COORD:36.2167/57.6667DOY:312,36.2167,57.6667,312,17.4,7.8,3.12,0,2,Soy,Sabzevar,40743
COORD:36.2167/57.6667DOY:313,36.2167,57.6667,313,20.4,7.4,2.25,0,2,Soy,Sabzevar,40743
COORD:36.2167/57.6667DOY:314,36.2167,57.6667,314,18.8,8.9,2.88,0,2,Soy,Sabzevar,40743
COORD:36.2167/57.6667DOY:315,36.2167,57.6667,315,20.4,8.8,3,0,2,Soy,Sabzevar,40743
COORD:36.2167/57.6667DOY:316,36.2167,57.6667,316,17.4,9.4,6,0,2,Soy,Sabzevar,40743
COORD:36.2167/57.6667DOY:317,36.2167,57.6667,317,15.6,7.7,5.5,0.4,2,Soy,Sabzevar,40743
COORD:36.2167/57.6667DOY:318,36.2167,57.6667,318,14.6,4.4,3.75,0,2,Soy,Sabzevar,40743
COORD:36.2167/57.6667DOY:319,36.2167,57.6667,319,12.4,5.9,3.75,0,2,Soy,Sabzevar,40743
COORD:36.2167/57.6667DOY:320,36.2167,57.6667,320,16.4,4.7,1.62,0,2,Soy,Sabzevar,40743
COORD:36.2167/57.6667DOY:321,36.2167,57.6667,321,17.5,6.3,1,0.2,2,Soy,Sabzevar,40743
COORD:36.2167/57.6667DOY:322,36.2167,57.6667,322,19.1,6.1,1.5,0,2,Soy,Sabzevar,40743
COORD:36.2167/57.6667DOY:323,36.2167,57.6667,323,18.4,8.3,2.62,0,2,Soy,Sabzevar,40743
COORD:36.2167/57.6667DOY:324,36.2167,57.6667,324,15.7,7.8,4.75,0,2,Soy,Sabzevar,40743
COORD:36.2167/57.6667DOY:325,36.2167,57.6667,325,16.1,7.9,3.38,0,2,Soy,Sabzevar,40743
COORD:36.2167/57.6667DOY:326,36.2167,57.6667,326,18.8,6.4,2.88,0,2,Soy,Sabzevar,40743
COORD:36.2167/57.6667DOY:327,36.2167,57.6667,327,21,7.4,2.38,0,2,Soy,Sabzevar,40743
COORD:36.2167/57.6667DOY:328,36.2167,57.6667,328,14.6,13.8,5.12,2.8,2,Soy,Sabzevar,40743
COORD:36.2167/57.6667DOY:329,36.2167,57.6667,329,15.5,3.7,3.75,0,2,Soy,Sabzevar,40743
COORD:36.2167/57.6667DOY:330,36.2167,57.6667,330,12.3,9.5,1.88,17.8,2,Soy,Sabzevar,40743
COORD:36.2167/57.6667DOY:331,36.2167,57.6667,331,13.7,6.2,1.62,0.8,2,Soy,Sabzevar,40743
COORD:36.2167/57.6667DOY:332,36.2167,57.6667,332,13.4,4.9,0.88,0,2,Soy,Sabzevar,40743
COORD:36.2167/57.6667DOY:333,36.2167,57.6667,333,15.7,2.8,2.25,0,2,Soy,Sabzevar,40743
COORD:36.2167/57.6667DOY:334,36.2167,57.6667,334,18,5.2,3.5,0,2,Soy,Sabzevar,40743
COORD:36.2167/57.6667DOY:335,36.2167,57.6667,335,16,4.8,5,0,2,Soy,Sabzevar,40743
COORD:36.2167/57.6667DOY:336,36.2167,57.6667,336,18.4,6.4,2.12,0,2,Soy,Sabzevar,40743
COORD:36.2167/57.6667DOY:337,36.2167,57.6667,337,17.2,5.5,1.25,0,2,Soy,Sabzevar,40743
COORD:36.2167/57.6667DOY:338,36.2167,57.6667,338,17.8,5.5,1.75,0,2,Soy,Sabzevar,40743
COORD:36.2167/57.6667DOY:339,36.2167,57.6667,339,17.2,6.2,1.62,0,2,Soy,Sabzevar,40743
COORD:36.2167/57.6667DOY:340,36.2167,57.6667,340,17.9,6.1,2.38,0,2,Soy,Sabzevar,40743
COORD:36.2167/57.6667DOY:341,36.2167,57.6667,341,17.5,6.2,3,0,2,Soy,Sabzevar,40743
COORD:36.2167/57.6667DOY:342,36.2167,57.6667,342,15.5,6.4,1.62,0,2,Soy,Sabzevar,40743
COORD:36.2167/57.6667DOY:343,36.2167,57.6667,343,16.1,6.1,1.75,0,2,Soy,Sabzevar,40743
COORD:36.2167/57.6667DOY:344,36.2167,57.6667,344,16.4,6.3,2.62,0,2,Soy,Sabzevar,40743
COORD:36.2167/57.6667DOY:345,36.2167,57.6667,345,14.5,5.7,3.62,0,2,Soy,Sabzevar,40743
COORD:36.2167/57.6667DOY:346,36.2167,57.6667,346,15.4,4.1,2.25,0,2,Soy,Sabzevar,40743
COORD:36.2167/57.6667DOY:347,36.2167,57.6667,347,18.5,3.8,2.12,0,2,Soy,Sabzevar,40743
COORD:36.2167/57.6667DOY:348,36.2167,57.6667,348,16.1,3.8,2.12,0,2,Soy,Sabzevar,40743
COORD:36.2167/57.6667DOY:349,36.2167,57.6667,349,14.3,3.5,1.38,0,2,Soy,Sabzevar,40743
COORD:36.2167/57.6667DOY:350,36.2167,57.6667,350,15,2.3,2.25,0,2,Soy,Sabzevar,40743
COORD:36.2167/57.6667DOY:351,36.2167,57.6667,351,16.3,4,2.5,0,2,Soy,Sabzevar,40743
COORD:36.2167/57.6667DOY:352,36.2167,57.6667,352,14.3,6.7,3,0,2,Soy,Sabzevar,40743
COORD:36.2167/57.6667DOY:353,36.2167,57.6667,353,13.3,1.9,1,0,2,Soy,Sabzevar,40743
COORD:36.2167/57.6667DOY:354,36.2167,57.6667,354,15.7,3.3,3.25,0,2,Soy,Sabzevar,40743
COORD:36.2167/57.6667DOY:355,36.2167,57.6667,355,13.2,5.2,3.12,0,2,Soy,Sabzevar,40743
COORD:36.2167/57.6667DOY:356,36.2167,57.6667,356,11.3,5.5,2.88,0,2,Soy,Sabzevar,40743
COORD:36.2167/57.6667DOY:357,36.2167,57.6667,357,10.3,4,1.38,0,2,Soy,Sabzevar,40743
COORD:36.2167/57.6667DOY:358,36.2167,57.6667,358,11,4.4,1.62,0.1,2,Soy,Sabzevar,40743
COORD:36.2167/57.6667DOY:359,36.2167,57.6667,359,12.3,2.6,1.75,0,2,Soy,Sabzevar,40743
COORD:36.2167/57.6667DOY:360,36.2167,57.6667,360,13.6,2.5,2,0,2,Soy,Sabzevar,40743
COORD:36.2167/57.6667DOY:361,36.2167,57.6667,361,16,0.2,2.25,0,2,Soy,Sabzevar,40743
COORD:36.2167/57.6667DOY:362,36.2167,57.6667,362,16.1,2.2,1.38,0,2,Soy,Sabzevar,40743
COORD:36.2167/57.6667DOY:363,36.2167,57.6667,363,14.2,4.6,1.38,0,2,Soy,Sabzevar,40743
COORD:36.2167/57.6667DOY:364,36.2167,57.6667,364,14,2,3.5,0,2,Soy,Sabzevar,40743
COORD:36.2167/57.6667DOY:365,36.2167,57.6667,365,11.9,1,2.88,0,2,Soy,Sabzevar,40743
COORD:36.2167/57.6667DOY:365,36.2167,57.6667,366,11.9,1,2.88,0,2,Soy,Sabzevar,40743
