,p_opt,ip_opt,Temp,ip,RRDD,I,p,L,AUDPC,GDUsum,H,HSEN,LeakI,LeakL,R,LAT,CumuLeak,DIS,TOTSITES,Sev,DVS8,RAUPC,GDU,RTinc,SITEmax,RRG,RG,Rc_W,RRLEX,inocp,RcOpt,RcT,RcA,Rc,COFR,Agg,RRSEN,RSEN,RLEX,RDI,REM,RT,RDL,RI
0,7,28,28.342955,28.0,0.0001,28.0,9.496171304825658,0.0,0.0,0.0,2500000.0,0.0,0.0,0.0,0.0,0,0.0,28.0,2500028.0,1.1199874561404913e-05,0.0,1.1199874561404913e-05,14.342955,14.342955,10000000,0.173,324373.78899999993,3,0.01,10,0.33999999999999997,0.27175538,1.0,0.2771904876,0.9999944,1,0.002307,5767.5001,0.279998432,0.000100004821661,0.999948211789,0.0,0.0,8.761290189331543
1,7,28,28.51549365,28.0,0.0001,27.279950215389338,9.580261532603142,8.761290189331543,1.1199874561404913e-05,14.342955,2818597.247611379,5767.5001,0.000100004821661,0.0,0.999948211789,0,0.000100004821661,37.041288621331546,2824401.789,1.3114737699711727e-05,0.0,1.3114737699711727e-05,14.51549365,14.51549365,10000000,0.173,349894.5996575724,3,0.01,10,0.33999999999999997,0.24345904140000002,1.0,0.248328222228,0.9999868584268746,1,0.002307,6502.503950239451,0.27279591713928725,0.002727995021538934,0.999948211789,8.761290189331543,0.0008761290189331543,6.7742925134256
2,7,28,28.6987952,28.0,0.0001,35.31136011504963,9.671244287645022,6.773416384406667,2.431461226111664e-05,28.85844865,3161982.2962302812,12270.004050239451,0.002827999843199934,0.0008761290189331543,1.999896423578,0,0.003704128862133088,44.08837705189643,3174296.3886575727,1.3889180988087141e-05,0.0,1.3889180988087141e-05,14.6987952,14.6987952,10000000,0.173,373381.6438259714,3,0.01,10,0.33999999999999997,0.21339758720000013,1.0,0.21766553894400012,0.9999860569230964,1,0.002307,7294.693257403259,0.3531086776603998,0.003531136011504963,0.999948211789,0.0,0.0006773416384406667,7.685959062875413
3,7,28,28.380982099999997,28.0,0.0001,34.660989444909525,9.514577519533566,14.458698105643638,3.8203793249203784e-05,43.55724385,3528061.2077311086,19564.69730764271,0.006359135854704897,0.0015534706573738211,2.999844635367,0,0.007912606512078719,52.12744479243224,3547678.0324835437,1.4693397854917671e-05,0.0,1.4693397854917671e-05,14.380982099999997,14.380982099999997,10000000,0.173,393820.43221757904,3,0.01,10,0.33999999999999997,0.2655189356000005,1.0,0.2708293143120005,0.999985225121803,1,0.002307,8139.237306235668,0.34660477333012285,0.003466098944490953,0.999948211789,0.0,0.001445869810564364,9.387073309826354
4,7,28,28.039410249999996,28.0,0.0001,34.004179907506156,9.351761095468968,23.84432554565943,5.289719110412145e-05,57.938225949999996,3913732.6689643688,27703.934613878377,0.00982523479919585,0.0029993404679381852,3.999792847156,0,0.012824575267134035,61.86112287558872,3941498.4647011226,1.569482353718982e-05,0.0,1.569482353718982e-05,14.039410249999996,14.039410249999996,10000000,0.173,410206.44813749095,3,0.01,10,0.33999999999999997,0.32153671900000064,1.0,0.3279674533800006,0.9999841940800929,1,0.002307,9028.981367300798,0.3400364244016203,0.003400417990750616,0.999948211789,0.0,0.002384432554565943,11.15208801674405
5,7,28,28.09629265,28.0,0.0001,33.34086770212802,9.378487303103693,34.99402912984891,6.859201464131127e-05,71.97763619999999,4314898.643610118,36732.915981179176,0.013225652789946467,0.0053837730225041285,4.999741058945,0,0.018609425812450595,73.35324731673438,4351704.912838614,1.6856208953949066e-05,0.0,1.6856208953949066e-05,14.096292649999999,14.096292649999999,10000000,0.173,421632.5000182307,3,0.01,10,0.33999999999999997,0.3122080054000002,1.0,0.3184521655080002,0.9999830002958605,1,0.002307,9954.47127080854,0.33340300917241333,0.0033340867702128024,0.999948211789,0.0,0.0034994029129848912,10.617291025783869
6,7,28,28.17637495,28.0,0.0001,32.670988412741224,9.41637395763126,45.607820752719796,8.544822359526033e-05,86.07392884999999,4726565.721663505,46687.38725198772,0.01655973956015927,0.00888317593548902,5.999689270734001,0,0.02544291549564829,84.30394135169067,4773337.412856844,1.766142513299405e-05,0.0,1.766142513299405e-05,14.17637495,14.17637495,10000000,0.173,427382.0410594904,3,0.01,10,0.33999999999999997,0.29907450820000003,1.0,0.305055998364,0.9999821641245078,1,0.002307,10904.187219877706,0.3267040569705969,0.0032670988412741224,0.999948211789,0.0,0.00456078207527198,9.966303226873455
7,7,28,28.0520724,28.0,0.0001,31.994477159081548,9.3576972209718,55.56956319751798,0.00010310964872825439,100.25030379999998,5143033.282495834,57591.574471865424,0.019826838401433393,0.013443958010760999,6.999637482523001,0,0.033270796412194395,94.59694863553472,5200719.4539163355,1.8189204296397817e-05,0.0,1.8189204296397817e-05,14.0520724,14.0520724,10000000,0.173,427013.470743395,3,0.01,10,0.33999999999999997,0.3194601264,1.0,0.32584932892799995,0.9999816071171371,1,0.002307,11864.977882717889,0.319938886884109,0.003199447715908155,0.999948211789,0.0,0.005556956319751798,10.425187158915822
8,7,28,28.1343805,28.0,0.0001,31.31126838646075,9.39646843969133,65.98919340011405,0.0001212988530246522,114.30237619999998,5558171.030230465,69456.55235458331,0.023026286117341546,0.0190009143305128,7.999585694312001,0,0.042027200447854345,105.34207468133465,5627732.92465973,1.871838555446445e-05,0.0,1.871838555446445e-05,14.134380499999999,14.134380499999999,10000000,0.173,420421.28176635114,3,0.01,10,0.33999999999999997,0.30596159800000017,1.0,0.31208082996000014,0.9999810477083856,1,0.002307,12822.700666741683,0.3131067496617147,0.003131126838646075,0.999948211789,0.0,0.006598919340011405,9.771461430050593
9,7,28,27.9769176,28.0,0.0001,30.621295797494817,9.315414822408604,75.75405591082463,0.00014001723857911665,128.4367567,5965759.526761895,82279.253021325,0.02615741295598762,0.025599833670524205,8.999533906101002,0,0.05175724662651182,115.42664286104696,6048154.206426081,1.908460646363939e-05,0.0,1.908460646363939e-05,13.9769176,13.9769176,10000000,0.173,407860.6772596203,3,0.01,10,0.33999999999999997,0.33178551359999997,1.0,0.33842122387199997,0.9999806521853437,1,0.002307,13763.007328239692,0.30620703342339195,0.0030621295797494817,0.999948211789,0.0,0.007575405591082464,10.362695900935869
10,7,28,27.839000249999998,28.0,0.0001,29.924492489549458,9.209769122805877,86.10917640616942,0.00015910184504275605,142.4136743,6359846.5277903415,96042.26034956469,0.0292195425357371,0.03317523926160667,9.999482117890002,0,0.06239478179734377,126.09554579540622,6456014.8836857015,1.9531483131188044e-05,0.02364049912663754,1.9531483131188044e-05,13.839000249999998,13.839000249999998,10000000,0.173,389928.18485200603,3,0.01,10,0.33999999999999997,0.3544039590000003,1.0,0.3614920381800003,0.9999801735709785,1,0.002307,14672.166039612317,0.2992389919372311,0.002992449248954946,0.999948211789,0.0,0.008610917640616942,20.817251309831832
11,7,28,27.8440091,28.0,0.0001,29.220790820448734,9.213563988436352,106.91781679836063,0.00017863332817394408,156.25267455,6735081.430112434,110714.42638917701,0.03221199178469205,0.04178615690222361,10.999430329679003,0,0.07399814868691566,147.2120360971753,6845943.068537708,2.1503543722664895e-05,0.08407281462882094,2.1503543722664895e-05,13.844009100000001,13.844009100000001,10000000,0.173,367500.9636469371,3,0.01,10,0.33999999999999997,0.3535825075999998,1.0,0.36065415775199977,0.9999781429786695,1,0.002307,15537.832959269384,0.29220152141000477,0.0029220790820448737,0.999948211789,6.7742925134256,0.010691781679836063,20.53836935979782
12,7,28,27.95767385,28.0,0.0001,35.2844145644133,9.30052870225575,120.67120186305301,0.00020013687189660898,170.09668365,7087023.73022922,126252.25934844639,0.03513407086673692,0.05247793858205968,11.999378541468003,0,0.0876120094487966,168.0426069783831,7213444.0321846455,2.3295752518300213e-05,0.1445270028384279,2.3295752518300213e-05,13.957673849999999,13.957673849999999,10000000,0.173,341647.1170626833,3,0.01,10,0.33999999999999997,0.33494148860000017,1.0,0.34164031837200015,0.9999762892535768,1,0.002307,16349.76384563881,0.3528357794460687,0.00352844145644133,0.999948211789,7.685959062875413,0.012067120186305302,22.054292802298775
13,7,28,27.493537349999997,28.0,0.0001,42.31973275348933,8.955369966263,135.02746848229006,0.0002234326244149092,184.05435749999998,7412298.676317683,142602.0231940852,0.03866251232317825,0.06454505876836499,12.999326753257003,0,0.10320757109154324,190.44973556012795,7555091.149247329,2.520813207913466e-05,0.20547754366812218,2.520813207913466e-05,13.493537349999997,13.493537349999997,10000000,0.173,313517.4272400195,3,0.01,10,0.33999999999999997,0.41051701200000024,1.0,0.41872735224000024,0.9999743069119804,1,0.002307,17100.173146264897,0.4231864542887074,0.004231973275348934,0.999948211789,20.539161326570404,0.013502746848229007,27.71997435081443
14,7,28,27.4706186,28.0,0.0001,62.277900349284096,8.938988799558773,142.19477875968585,0.00024864075649404384,197.54789484999998,7708687.787250632,159702.19634035008,0.04289448559852718,0.078047805616594,13.999274965046004,0,0.12094229121512118,218.59289636523107,7868608.576487348,2.778037492148502e-05,0.26440128755458503,2.778037492148502e-05,13.470618600000002,13.470618600000002,10000000,0.173,284242.99692769104,3,0.01,10,0.33999999999999997,0.41235051199999984,1.0,0.4205975222399998,0.9999716441106448,1,0.002307,17783.94282518721,0.6227613440403251,0.0062277900349284095,0.999948211789,10.617291025783869,0.014219477875968585,36.19318782502128
15,7,28,27.644565449999998,28.0,0.0001,72.51177671728436,9.064836978963235,167.7564560810473,0.00027642113141552885,211.01851344999997,7975110.025403967,177486.1391655373,0.049122275633455594,0.09226728349256258,14.999223176835004,0,0.14138955912601817,255.40884553429268,8152851.573415039,3.132754757453629e-05,0.32322494956331865,3.132754757453629e-05,13.644565449999998,13.644565449999998,10000000,0.173,254849.96648011715,3,0.01,10,0.33999999999999997,0.38629126620000026,1.0,0.3940170915240002,0.9999679752799242,1,0.002307,18398.578928606952,0.725094545479328,0.007251177671728437,0.999948211789,9.966303226873455,0.016775645608104732,38.569964388968174
16,7,28,27.543732650000003,28.0,0.0001,82.19597510017641,8.991457621532186,196.3433415975339,0.0003077486789900651,224.66307889999996,8211522.117896543,195884.71809414425,0.05637345330518403,0.10904292910066732,15.999171388624005,0,0.16541638240585135,294.7039044687402,8407701.539895156,3.505166103605708e-05,0.38280820480349326,3.505166103605708e-05,13.543732650000003,13.543732650000003,10000000,0.173,226200.8566055731,3,0.01,10,0.33999999999999997,0.40282784539999955,1.0,0.4108844023079995,0.9999641122164724,1,0.002307,18943.981625987326,0.8219302526881518,0.008219597510017641,0.999948211789,10.425187158915822,0.01963433415975339,43.77183206146342
17,7,28,27.33549505,28.0,0.0001,92.43492470248137,8.843614530704572,229.67035216592174,0.0003428003400261222,238.20681154999997,8418734.399113815,214828.69972013158,0.06459305081520167,0.1286772632604207,16.999119600413003,0,0.19327031407562237,339.2976667828917,8633902.396500729,3.929829771070925e-05,0.44195114213973785,3.929829771070925e-05,13.335495049999999,13.335495049999999,10000000,0.173,198964.06294728428,3,0.01,10,0.33999999999999997,0.4231603960000001,1.0,0.4316236039200001,0.9999596989313786,1,0.002307,19422.020358755573,0.9243119947623792,0.009243492470248138,0.999948211789,9.771461430050593,0.022967035216592175,49.895487432582236
18,7,28,27.71422815,28.0,0.0001,102.12150642303509,9.116236355960005,269.77141113323677,0.00038209863773683143,251.54230659999996,8598225.621902917,234250.72007888716,0.07383654328544981,0.15164429847701288,17.999067812202004,0,0.2254808417624627,390.11746621023633,8832866.459448013,4.4166575822387754e-05,0.5001847449781658,4.4166575822387754e-05,13.71422815,13.71422815,10000000,0.173,173610.300967225,3,0.01,10,0.33999999999999997,0.37486658339999995,1.0,0.3823639150679999,0.9999546302011818,1,0.002307,19836.106609730028,1.0211687319083365,0.010212150642303509,0.999948211789,10.362695900935869,0.026977141113323676,49.04580742774964
19,7,28,28.24162705,28.0,0.0001,112.49521069344799,9.447471567574935,308.4275455189372,0.0004262652135592192,265.25653474999996,8751949.749284253,254086.82668861718,0.08404869392775331,0.17862143959033655,18.999016023991004,0,0.2626701335180899,440.1844423698943,9006476.76041524,4.887421064633934e-05,0.5600722041484714,4.887421064633934e-05,14.241627050000002,14.241627050000002,10000000,0.173,150428.09258934023,3,0.01,10,0.33999999999999997,0.2883731637999997,1.0,0.2941406270759997,0.9999497069433946,1,0.002307,20190.74817159877,1.1248955296544874,0.0112495210693448,0.999948211789,20.817251309831832,0.030842754551893725,43.08774764875597
20,7,28,28.099968150000002,28.0,0.0001,133.42615980007596,9.380219492797782,330.6671991033095,0.00047513942420555856,279.49816179999993,8882142.881058816,274277.57486021594,0.09529821499709812,0.20946419414223028,19.998964235780004,0,0.3047624091393284,484.39708554830474,9156904.853004579,5.289965259269496e-05,0.6222627152838425,5.289965259269496e-05,14.099968150000002,14.099968150000002,10000000,0.173,129550.90395237273,3,0.01,10,0.33999999999999997,0.31160522339999963,1.0,0.3178373278679996,0.9999454669130675,1,0.002307,20491.10372660269,1.3341888365970453,0.013342615980007596,0.999948211789,20.53836935979782,0.03306671991033095,52.405501469532
21,7,28,27.83886265,28.0,0.0001,154.28542716870183,9.209664916743991,362.50126449313336,0.0005280390767982535,293.59812994999993,8991148.94159428,294768.6785868186,0.10864083097710571,0.24253091405256122,20.998912447569005,0,0.3511717450296669,538.1367758544338,9286455.756956954,5.794856400961027e-05,0.6838346286026198,5.794856400961027e-05,13.83886265,13.83886265,10000000,0.173,110989.57838517713,3,0.01,10,0.33999999999999997,0.3544265254000001,1.0,0.36151505590800004,0.9999401517455886,1,0.002307,20742.580708258007,1.5427619345520467,0.015428542716870183,0.999948211789,22.054292802298775,0.03625012644931334,65.77316670223175
22,7,28,27.3167306,28.0,0.0001,176.8671051510468,8.830530714738268,406.18388826661703,0.0005859876408078637,307.43699259999994,9081328.623342562,315511.25929507666,0.12406937369397589,0.2787810405018746,21.998860659358005,0,0.40285041419585044,605.4527044912177,9397445.33534213,6.44273717894604e-05,0.7442663432314407,6.44273717894604e-05,13.3167306,13.3167306,10000000,0.173,94665.54677284951,3,0.01,10,0.33999999999999997,0.424661552,1.0,0.43315478304,0.9999333343867703,1,0.002307,20950.625234051295,1.7685531419702174,0.01768671051510468,0.999948211789,27.71997435081443,0.0406183888266617,86.60572525048198
23,7,28,27.242058150000002,28.0,0.0001,205.33799772152733,8.778845468714847,465.02902077745796,0.0006504150125973241,320.75372319999997,9154955.170602968,336461.884529128,0.14175608420908056,0.31939942932853627,22.998808871147006,0,0.46115551353761686,693.8269828836699,9492110.88211498,7.309511988434285e-05,0.8024180052401745,7.309511988434285e-05,13.242058150000002,13.242058150000002,10000000,0.173,80439.84643162784,3,0.01,10,0.33999999999999997,0.4306353479999998,1.0,0.43924805495999975,0.9999242187000543,1,0.002307,21120.481678581047,2.0532243694113173,0.020533799772152733,0.999948211789,36.19318782502128,0.046502902077745795,100.18748106603933
24,7,28,26.816205000000004,28.0,0.0001,242.56392790439878,8.495277725419731,528.9768111163983,0.0007235101324816669,333.99578134999996,9214172.294650579,357582.366207709,0.16228988398123328,0.36590233140628203,23.998757082936006,0,0.5281922153875154,796.0676883191205,9572550.728546608,8.316150113941332e-05,0.8602435866812225,8.316150113941332e-05,12.816205000000004,12.816205000000004,10000000,0.173,68137.62835502341,3,0.01,10,0.33999999999999997,0.46470359999999966,1.0,0.47399767199999965,0.999913611457249,1,0.002307,21257.095583758888,2.4254297316014317,0.02425639279043988,0.999948211789,38.569964388968174,0.05289768111163983,124.96480463786625
25,7,28,27.57499265,28.0,0.0001,282.53511742038893,9.014079174770064,615.3187536841847,0.0008066716336210802,346.81198635,9260925.437187474,378839.4617914679,0.18654627677167315,0.41880001251792187,24.998705294725006,0,0.605346289289595,923.4579226885883,9640688.35690163,9.578755048414131e-05,0.9162095473799126,9.578755048414131e-05,13.574992649999999,13.574992649999999,10000000,0.173,57566.75920323849,3,0.01,10,0.33999999999999997,0.3977012054000002,1.0,0.40565522950800015,0.9999002944300704,1,0.002307,21364.955083591503,2.8250694709548143,0.028253511742038894,0.999948211789,43.77183206146342,0.06153187536841847,124.60042046162197
26,7,28,27.43688535,28.0,0.0001,328.10381722927616,8.914986698780147,696.0858102089749,0.0009024591841052215,360.386979,9296999.815817188,400204.4168750594,0.21479978851371204,0.48033188788634035,25.998653506514007,0,0.6951316764000524,1050.883412621165,9698255.11610487,0.00010835798811644723,0.9754889912663754,0.00010835798811644723,13.43688535,13.43688535,10000000,0.173,48532.07284894482,3,0.01,10,0.33999999999999997,0.4150491719999999,1.0,0.4233501554399999,0.9998869780939452,1,0.002307,21448.178675090254,3.2806673431046907,0.03281038172292762,0.999948211789,49.895487432582236,0.0696085810208975,148.88710296503024
27,7,28,27.617430900000002,28.0,0.0001,380.2472134114512,9.044972743176537,795.0078171604019,0.0010108171722216688,373.82386435,9323931.542220734,421652.5955501497,0.24761017023663967,0.5499404689072378,26.998601718303007,0,0.7975506391438775,1203.0511829293,9746787.188953813,0.00012343053763323538,1.0341653465065503,0.00012343053763323538,13.617430900000002,13.617430900000002,10000000,0.173,40844.24324347709,3,0.01,10,0.33999999999999997,0.39074133239999964,1.0,0.39855615904799957,0.9998709883304225,1,0.002307,21510.310167903233,3.801981570835968,0.038024721341145123,0.999948211789,49.04580742774964,0.07950078171604019,161.53031716436632
28,7,28,26.8520819,28.0,0.0001,432.0570294769067,8.518458903390949,907.4128261153026,0.0011342477098549041,387.44129525,9343100.142997572,443162.90571805293,0.28563489157778477,0.629441250623278,27.998549930092008,0,0.9150761422010628,1368.3834816645024,9787631.43219729,0.00013980741828539665,1.0936301102620087,0.00013980741828539665,12.852081900000002,12.852081900000002,10000000,0.173,34326.32777435858,3,0.01,10,0.33999999999999997,0.4618334479999998,1.0,0.47107011695999973,0.9998535621926719,1,0.002307,21554.5321298954,4.319937599928694,0.04320570294769067,0.0,43.08774764875597,0.09074128261153026,213.49935104583102
29,7,28,26.6140384,28.0,0.0001,479.42150902264365,8.36697454742437,1077.7336882297661,0.0012740551281403007,400.29337714999997,9355654.11935339,464717.43784794834,0.3288405945254754,0.7201825332348083,27.998549930092008,0,1.0490231277602837,1586.2027703102622,9821957.759971647,0.0001614955805221098,1.149752738646288,0.0001614955805221098,12.614038399999998,12.614038399999998,10000000,0.173,28816.6379626849,3,0.01,10,0.33999999999999997,0.48087692800000015,1.0,0.4904944665600002,0.9998304839123817,1,0.002307,21583.49415334827,4.7934023936411405,0.04794215090226437,8.761290189331543,52.405501469532,0.10777336882297661,245.11373500764392
30,7,28,27.192010600000003,28.0,0.0001,527.8111805455829,8.744541902884462,1270.334148399055,0.0014355507086624105,412.90741555,9362637.356025325,486300.9320012966,0.3767827454277398,0.8279559020577849,36.75984011942355,0,1.2047386474855246,1836.109907711547,9850774.397934332,0.0001863924432272626,1.2048358757641922,0.0001863924432272626,13.192010600000003,13.192010600000003,10000000,0.173,24170.611897294286,3,0.01,10,0.33999999999999997,0.4346391519999997,1.0,0.4433319350399997,0.999803928121064,1,0.002307,21599.604480350426,5.277076916156899,0.0527811180545583,0.0,65.77316670223175,0.12703341483990552,243.94967205947523
31,7,28,26.504823000000002,28.0,0.0001,598.808643045917,8.299261284235103,1448.3836203414587,0.0016219431518896732,426.09942615,9364959.136693293,507900.53648164705,0.42956386348229814,0.9549893168976904,36.75984011942355,0,1.3845531803799886,2085.336656687179,9874945.009831628,0.00021117450827432354,1.262442908951965,0.00021117450827432354,12.504823000000002,12.504823000000002,10000000,0.173,20260.63329885842,3,0.01,10,0.33999999999999997,0.48961415999999985,1.0,0.4994064431999998,0.9997773751728606,1,0.002307,21604.960828351428,5.986753333752693,0.059880864304591705,0.0,86.60572525048198,0.14483836203414588,308.9823188725174
32,7,28,26.698622399999998,28.0,0.0001,691.3412407658471,8.420180478148367,1670.61537560146,0.0018331176601639968,438.60424915,9363299.840091594,529505.4973099985,0.48944472778688985,1.0998276789318362,36.75984011942355,0,1.589272406718726,2400.3057288934497,9895205.643130485,0.00024257259681710665,1.3170491229257641,0.00024257259681710665,12.698622399999998,12.698622399999998,10000000,0.173,16975.12303909583,3,0.01,10,0.33999999999999997,0.47411020800000014,1.0,0.48359241216000015,0.9997437131563555,1,0.002307,21601.13283109131,6.9116405910136995,0.06913412407658472,0.0,225.1522857039056,0.16706153756014602,344.24169453912845
33,7,28,26.933559499999998,28.0,0.0001,923.3360329366899,8.57157693405484,1789.5377228991229,0.0020756902569811033,451.30287154999996,9358322.676964467,551106.6301410898,0.5585788518634746,1.2668892164919823,36.75984011942355,0,1.8254680683554567,2751.459064023592,9912180.766169582,0.0002775836245253277,1.3725016224890827,0.0002775836245253277,12.933559499999998,12.933559499999998,10000000,0.173,14217.844584519105,3,0.01,10,0.33999999999999997,0.4553152400000002,1.0,0.4644215448000001,0.9997060744286349,1,0.002307,21589.65051575703,9.23064640865647,0.09233360329366899,0.0,0.0,0.1789537722899123,438.69110646108106
34,7,28,27.0007897,28.0,0.0001,932.4743457420527,8.615907998657425,2228.049875587914,0.002353273881506431,464.23643104999996,9350502.949280359,572696.2806568468,0.6509124551571436,1.4458429887818947,36.75984011942355,0,2.0967554439390383,3199.380816893329,9926398.610754099,0.0003223103304986334,1.4289800482532748,0.0003223103304986334,13.000789699999999,13.000789699999999,10000000,0.173,11906.03312481825,3,0.01,10,0.33999999999999997,0.4499368240000001,1.0,0.45893556048000006,0.9996579556731671,1,0.002307,21571.61040398979,9.321553981821745,0.09324743457420527,0.0,124.60042046162197,0.2228049875587914,437.79926011919383
35,7,28,27.06698435,28.0,0.0001,1066.3030727509222,8.660006531423317,2541.025910257927,0.0026755842120050645,477.23722074999995,9340390.251187086,594267.8910608366,0.7441598897313488,1.668647976340686,36.75984011942355,0,2.412807866072035,3646.501630994345,9938304.643878916,0.0003669138511708086,1.4857520556768558,0.0003669138511708086,13.066984349999998,13.066984349999998,10000000,0.173,9969.275559424208,3,0.01,10,0.33999999999999997,0.4446412520000001,1.0,0.45353407704000004,0.9996097509323372,1,0.002307,21548.28040948861,10.658869489709351,0.10663030727509222,0.0,148.88710296503024,0.25410259102579275,493.4160536305147
36,7,28,26.9992459,28.0,0.0001,1225.7424148983866,8.614884885792893,2885.3007583323856,0.003042498063175873,490.30420509999993,9328307.171413902,615816.1714703252,0.8507901970064411,1.9227505673664789,36.75984011942355,0,2.77354076437292,4150.576554114568,9948273.919438342,0.00041721574895566417,1.542813122707423,0.00041721574895566417,12.999245899999998,12.999245899999998,10000000,0.173,8347.54009076737,3,0.01,10,0.33999999999999997,0.4500603280000001,1.0,0.45906153456000004,0.9995552536463379,1,0.002307,21520.404744451873,12.251972704288317,0.12257424148983867,0.0,161.53031716436632,0.2885300758332386,572.4409391017828
37,7,28,27.2138453,28.0,0.0001,1399.4021305255515,8.759474809107385,3295.9228501939688,0.0034597138121315375,503.30345099999994,9314549.613848412,637336.5762147771,0.9733644384962797,2.2112806431997174,36.75984011942355,0,3.1846450816959972,4735.26946592064,9956621.459529111,0.0004755899865399312,1.5995783886462878,0.0004755899865399312,13.2138453,13.2138453,10000000,0.173,6990.092115888924,3,0.01,10,0.33999999999999997,0.4328923760000001,1.0,0.44155022352,0.9994918848897517,1,0.002307,21488.66605914829,13.98691073157718,0.13994021305255516,0.0,458.61308605347494,0.3295922850193969,627.592355988219
38,7,28,27.043849,28.0,0.0001,1871.862187097551,8.644542657769271,3464.5725278436935,0.003935303798671469,516.5172962999999,9299409.460638434,658825.2422739253,1.113304651548835,2.5408729282191143,36.75984011942355,0,3.654177579767949,5376.848732640436,9963611.551645,0.0005396485706784418,1.657280769868995,0.0005396485706784418,13.043849000000002,13.043849000000002,10000000,0.173,5854.165699404664,3,0.01,10,0.33999999999999997,0.44649207999999985,1.0,0.45542192159999983,0.9994221416211111,1,0.002307,21453.737725692867,18.707805158486114,0.1871862187097551,0.0,0.0,0.34645725278436934,861.9944574196136
39,7,28,26.765741050000003,28.0,0.0001,1890.3828060373273,8.462884126957483,4326.220528010523,0.004474952369349911,529.5611452999999,9282929.186349567,680278.9799996183,1.30049087025859,2.8873301810034837,36.75984011942355,0,4.187821051262073,6257.550995218536,9969465.717344403,0.0006276716498790848,1.7142408091703052,0.0006276716498790848,12.765741050000003,12.765741050000003,10000000,0.173,4903.643197108402,3,0.01,10,0.33999999999999997,0.4687407159999998,1.0,0.47811553031999976,0.9993263618040897,1,0.002307,21415.71773290845,18.891093719742887,0.18903828060373273,6.7742925134256,552.9319909319927,0.4326220528010523,913.2125292139687
40,7,28,26.81142345,28.0,0.0001,2455.2425598950335,8.492197742143748,4686.068444239698,0.005102624019228995,542.3268863499999,9265485.008190833,701694.6977325267,1.4895291508623227,3.319952233804536,43.53413263284915,0,4.809481384666858,7189.654618152248,9974369.360541511,0.0007208129515029228,1.7699864032751087,0.0007208129515029228,12.81142345,12.81142345,10000000,0.173,4108.409287796327,3,0.01,10,0.33999999999999997,0.46508612400000005,1.0,0.47438784648,0.9992246406911063,1,0.002307,21375.47401389625,24.53338864720627,0.24552425598950336,7.685959062875413,344.24169453912845,0.4686068444239698,1173.8341407205062
41,7,28,26.854903999999998,28.0,0.0001,2816.0861597625035,8.520287717944393,5515.192283576652,0.005823436970731918,555.1383097999999,9247019.575935366,723070.171746423,1.7350534068518262,3.7885590782285057,51.22009169572456,0,5.523612485080331,8388.02214751996,9978477.769829309,0.0008406113979510769,1.8259314838427942,0.0008406113979510769,12.854903999999998,12.854903999999998,10000000,0.173,3442.9851681168198,3,0.01,10,0.33999999999999997,0.4616076800000002,1.0,0.47083983360000015,0.9990937166128419,1,0.002307,21332.87426168289,28.13533987659105,0.28160861597625036,20.539161326570404,0.0,0.5515192283576652,1334.7238745773577
42,7,28,27.038023250000002,28.0,0.0001,2823.400729696548,8.640657375041195,6849.364638925652,0.006664048368682995,567.9932137999999,9227766.827627346,744403.0460081059,2.0166620228280765,4.340078306586171,71.75925302229497,0,6.356740329414247,9750.881361973908,9981920.754997427,0.000976854214865626,1.88206643580786,0.000976854214865626,13.038023250000002,13.038023250000002,10000000,0.173,2886.17729134701,3,0.01,10,0.33999999999999997,0.44695813999999984,1.0,0.45589730279999985,0.998944426233415,1,0.002307,21288.45817133629,28.204204219537232,0.2823400729696548,10.617291025783869,438.69110646108106,0.6849364638925652,1295.8220631307397
43,7,28,26.9184365,28.0,0.0001,3279.3964092784126,8.561667724198257,7705.810659131418,0.0076409025835486215,581.03123705,9208040.520480007,765691.5041794422,2.2990020957977313,5.025014770478736,82.37654404807884,0,7.324016866276467,11074.907629324185,9984806.932288773,0.0011091759414506308,1.9390010351528382,0.0011091759414506308,12.918436499999999,12.918436499999999,10000000,0.173,2420.2420278959235,3,0.01,10,0.33999999999999997,0.45652508000000014,1.0,0.4656555816000001,0.9987987017067216,1,0.002307,21242.949580747376,32.75456875968963,0.3279396409278413,9.966303226873455,437.79926011919383,0.7705810659131418,1535.2347765850468
44,7,28,26.5470344,28.0,0.0001,3739.655995289495,8.325301894773299,8802.475594531357,0.008750078524999252,593.9496735499999,9187649.823581811,786934.4537601896,2.6269417367255725,5.795595836391877,92.34284727495229,0,8.422537573117449,12642.896974668922,9987227.17431667,0.0012659066179231027,1.9954134216157202,0.0012659066179231027,12.547034400000001,12.547034400000001,10000000,0.173,2030.193918704208,3,0.01,10,0.33999999999999997,0.4862372479999999,1.0,0.4959619929599999,0.9986258157910106,1,0.002307,21195.90824300324,37.345170190737164,0.37396559952894953,10.425187158915822,493.4160536305147,0.8802475594531358,1862.178503522838
45,7,28,26.5633343,28.0,0.0001,4259.618066352302,8.335401244670395,10170.357796864228,0.010015985142922354,606.49670795,9166584.585583799,808130.3620031928,3.000907336254522,6.675843395845013,102.76803443386811,0,9.676750732099535,14542.420648382496,9989257.368235374,0.0014558059835985035,2.0502039648471615,0.0014558059835985035,12.563334300000001,12.563334300000001,10000000,0.173,1703.5870994405345,3,0.01,10,0.33999999999999997,0.4849332559999999,0.9548164316375547,0.47228268589782674,0.9984160527745111,1,0.002307,21147.310738941826,42.52871056134461,0.4259618066352302,9.771461430050593,572.4409391017828,1.017035779686423,2018.5573651683103
46,7,28,25.964823250000002,28.0,0.0001,4864.390292778743,7.979949379689858,11615.457187151069,0.011471791126520858,619.0600422499999,9145079.775868569,829277.6727421345,3.4268691428897524,7.692879175531436,112.5394958639187,0,11.119748318421188,16603.50672411215,9990960.955334814,0.0016618528286056883,2.1050656866812223,0.0016618528286056883,11.964823250000002,11.964823250000002,10000000,0.173,1430.066172901169,3,0.01,10,0.33999999999999997,0.5328141399999998,0.9054408819869,0.4920803389538252,0.9981877231277293,1,0.002307,21097.69914292879,48.55574670753442,0.4864390292778743,10.362695900935869,627.592355988219,1.161545718715107,2399.332829799962
47,7,28,26.3366823,28.0,0.0001,5529.689260544283,8.197130628090424,13386.036115244096,0.013133643955126546,631.0248654999999,9122964.254322033,850375.3718850634,3.9133081721676266,8.854424894246543,122.90219176485456,0,12.76773306641417,19051.395300619646,9992391.021507716,0.0019065902504829169,2.1573138231441042,0.0019065902504829169,12.3366823,12.3366823,10000000,0.173,1200.904391188297,3,0.01,10,0.33999999999999997,0.503065416,0.8584175591703062,0.4404769902358289,0.9979160618368219,1,0.002307,21046.67863472093,55.181657300637184,0.5529689260544283,20.817251309831832,1775.2069866335823,1.3386036115244098,2440.625032400962
48,7,28,26.0402145,28.0,0.0001,7338.707684242616,8.0230459128473,14050.115557399951,0.015040234205609463,643.3615477999999,9100622.6733888,871422.0505197843,4.466277098222055,10.193028505770954,143.7194430746864,0,14.659305603993008,21547.201990321246,9993591.925898906,0.002156101845071397,2.2111857982532745,0.002156101845071397,12.040214500000001,12.040214500000001,10000000,0.173,1008.8921351090875,3,0.01,10,0.33999999999999997,0.5267828399999999,0.809932781572053,0.43519186470333815,0.9976379301981124,1,0.002307,20995.13660750796,73.21373144436785,0.7338707684242616,20.53836935979782,1173.8341407205062,1.4050115557399951,3196.2020309163872
49,7,28,26.28369525,28.0,0.0001,8564.483316279267,8.16546453592029,16071.078436040092,0.017196336050680862,655.4017623,9077367.01315404,892417.1871272923,5.200147866646317,11.598040061510948,164.25781243448424,0,16.798187928157265,24816.617752682003,9994600.818034014,0.002483002393442618,2.2637631541484713,0.002483002393442618,12.283695250000001,12.283695250000001,10000000,0.173,847.8791635757927,3,0.01,10,0.33999999999999997,0.5073043799999999,0.7626131612663758,0.39461453689520026,0.9972735533846607,1,0.002307,20941.48579934637,85.41132709729469,0.8564483316279268,22.054292802298775,0.0,1.6071078436040094,3380.4551288103407
50,7,28,26.65550575,28.0,0.0001,8626.983902242635,8.392974503323721,19449.92645700683,0.01967933844412348,667.68545755,9053807.54006236,913358.6729266386,6.056596198274244,13.205147905114957,186.312105236783,0,19.2617441033892,28282.484208589638,9995448.697197588,0.0028295362284755823,2.3174037447598255,0.0028295362284755823,12.65550575,12.65550575,10000000,0.173,712.874519591712,3,0.01,10,0.33999999999999997,0.47755954,0.7143366297161571,0.34796103773824627,0.9968859057625494,1,0.002307,20887.134094923866,86.00118661386082,0.8626983902242635,27.71997435081443,1334.7238745773577,1.944992645700683,3002.5062140879586
51,7,28,26.42546825,28.0,0.0001,10019.126290692815,8.250745002677533,21115.76380387173,0.02250887467259906,680.3409633,9030544.773086326,934245.8070215625,6.9192945884985075,15.15014055081564,214.03207958759742,0,22.069435139314148,31370.991609291457,9996161.57171718,0.003138303776326659,2.3726679620087334,0.003138303776326659,12.425468250000002,12.425468250000002,10000000,0.173,599.6716034667099,3,0.01,10,0.33999999999999997,0.49596253999999984,0.6645988341921398,0.33620844840471187,0.9965381501634003,1,0.002307,20833.466891510157,99.84441579980509,1.0019126290692815,36.19318782502128,1295.8220631307397,2.111576380387173,3366.853611792737
52,7,28,26.5646841,28.0,0.0001,11377.597669169269,8.336238673777668,23184.68377615334,0.02564717844892572,692.76643155,9006844.279770691,955079.2739130727,7.921207217567789,17.261716931202812,250.2252674126187,0,25.182924148770603,34837.689636883995,9996761.243320648,0.003484897637238346,2.426927648689956,0.003484897637238346,12.564684100000001,12.564684100000001,10000000,0.173,504.65790332819506,3,0.01,10,0.33999999999999997,0.4848252719999999,0.6157651161790396,0.3045092597384067,0.9961469901557302,1,0.002307,20778.789853430986,113.33759673345818,1.1377597669169268,38.569964388968174,3397.413280107885,2.318468377615334,3461.2347681835413
53,7,28,26.4904117,28.0,0.0001,14848.640821854726,8.290408080015288,23246.18679585138,0.029132076086164065,705.33111565,8982995.575455671,975858.0637665036,9.058966984484716,19.580185308818145,288.79523180158685,0,28.63915229330286,38412.26200180099,9997265.901223976,0.0038422767165868957,2.4817952648471615,0.0038422767165868957,12.4904117,12.4904117,10000000,0.173,424.8948716963366,3,0.01,10,0.33999999999999997,0.49076706400000003,0.5663842616375546,0.2835219960032639,0.9957420989391134,1,0.002307,20723.770892576234,147.85416778346627,1.4848640821854726,43.77183206146342,2018.5573651683103,2.324618679585138,4201.990876736983
54,7,28,26.338974450000002,28.0,0.0001,16969.795658662853,8.198506004551028,25427.29568874047,0.03297435280275096,717.82152735,8958346.854390271,996581.8346590798,10.543831066670188,21.904803988403284,332.5670638630503,0,32.448635055073474,42762.10704632144,9997690.796095671,0.0042771983969559285,2.5363385473799127,0.0042771983969559285,12.338974450000002,12.338974450000002,10000000,0.173,357.87903691215064,3,0.01,10,0.33999999999999997,0.5028820439999998,0.5172953073580786,0.26534129194615547,0.9952492401514605,1,0.002307,20666.906293078355,168.89176234809761,1.6969795658662854,49.895487432582236,2399.332829799962,2.542729568874047,4491.395842050727
55,7,28,26.3005318,28.0,0.0001,19486.427783812465,8.175499834365834,27516.81597142236,0.03725155119970689,730.1605018,8933377.539529705,1017248.7409521581,12.240810632536475,24.447533557277332,382.4625512956325,0,36.688344189813805,47422.39465072027,9998048.675132584,0.004743165010655582,2.5902205318777294,0.004743165010655582,12.300531800000002,12.300531800000002,10000000,0.173,301.57224615222,3,0.01,10,0.33999999999999997,0.5059574559999999,0.4688015213100435,0.2419374975927785,0.9947195801044144,1,0.002307,20609.30208369503,193.8353126284893,1.9486427783812466,49.04580742774964,2440.625032400962,2.751681597142236,4699.60304824506
56,7,28,26.010872749999997,28.0,0.0001,22069.893678635784,8.006217828921384,29773.042305669314,0.04199471621036247,742.4610336000001,8908176.37133129,1037858.0430358532,14.189453410917721,27.19921515441957,431.5083587233822,0,41.38866856533729,52315.833011593815,9998350.247378737,0.005232446525396471,2.643934644541485,0.005232446525396471,12.010872749999997,12.010872749999997,10000000,0.173,254.24577062354038,3,0.01,10,0.33999999999999997,0.5291301800000002,0.42045881991266365,0.2269270000842349,0.9941615000807391,1,0.002307,20551.162988661286,219.41038606174973,2.2069893678635784,43.08774764875597,3196.2020309163872,2.9773042305669315,4989.014069631669
57,7,28,26.10375655,28.0,0.0001,25440.211358597302,8.059732142933923,31562.87704015403,0.04722716273575894,754.47190635,8882671.029657558,1058409.2060245145,16.3964427787813,30.176519384986502,474.59610637213814,0,46.5729621637678,57524.25746728724,9998604.493149359,0.0057532286137231,2.6963838705240177,0.0057532286137231,12.10375655,12.10375655,10000000,0.173,214.4478291380876,3,0.01,10,0.33999999999999997,0.521699476,0.37325451652838404,0.1986212194012411,0.9935656598519575,1,0.002307,20492.322165419988,252.76520385277993,2.5440211358597304,52.405501469532,3380.4551288103407,3.156287704015403,5030.453301144244
58,7,28,25.991586400000003,28.0,0.0001,29018.48216865503,7.99519511616933,33209.71892478392,0.05298039134948204,766.5756629,8857109.936816279,1078901.5281899346,18.94046391464103,33.3328070890019,527.0016078416702,0,52.27327100364293,62807.475972284265,9998818.940978497,0.006281489478210098,2.7492387026200875,0.006281489478210098,11.991586400000003,11.991586400000003,10000000,0.173,180.9713139989305,3,0.01,10,0.33999999999999997,0.5306730879999998,0.32568516764192124,0.17628900070090264,0.9929587379494975,1,0.002307,20433.352724235156,288.141554313977,2.901848216865503,65.77316670223175,3002.5062140879586,3.320971892478392,5089.618667041586
59,7,28,25.761240100000002,28.0,0.0001,32240.45492213787,7.865853542484413,35293.51040584507,0.05926188082769214,778.5672493,8831479.795184687,1099334.8809141698,21.84231213150653,36.65377898148029,592.7747745439019,0,58.496091112986825,68185.23619363984,9998999.912292497,0.006819205599733507,2.8016037087336243,0.006819205599733507,11.761240100000002,11.761240100000002,10000000,0.173,152.7980008123852,3,0.01,10,0.33999999999999997,0.5491007919999998,0.27855666213973806,0.15601479747376268,0.9923384491491272,1,0.002307,20374.223987491074,319.9344303729664,3.224045492213787,86.60572525048198,3366.853611792737,3.529351040584507,5001.450535952197
60,7,28,25.8057107,28.0,0.0001,35837.413193560875,7.8904972015752834,36924.57797896394,0.06608108642742565,790.3284894,8805936.984231682,1119709.104901661,25.066357623720318,40.1831300220648,679.3804997943839,0,65.24948764578512,73506.62115996498,9999152.710293308,0.007351284982806188,2.85296283580786,0.007351284982806188,11.805710699999999,11.805710699999999,10000000,0.173,129.07840992622903,3,0.01,10,0.33999999999999997,0.545543144,0.23233344777292597,0.12928287794548984,0.9917217086535319,1,0.002307,20315.296722622494,355.4074064604082,3.5837413193560876,225.1522857039056,3461.2347681835413,3.6924577978963944,4604.809235034405
61,7,28,26.18712995,28.0,0.0001,39425.31934118156,8.108380053861435,38064.45998801691,0.07343237141023183,802.1342000999999,8780790.549277492,1140024.4016242835,28.650098943076404,43.8755878199612,904.5327854982895,0,72.5256867630376,78466.8378014598,9999281.788703235,0.007847247378317542,2.904516157641921,0.007847247378317542,12.18712995,12.18712995,10000000,0.173,109.10180932944826,3,0.01,10,0.33999999999999997,0.5150296040000001,0.18593545812227108,0.0976775106735973,0.9911429553998621,1,0.002307,20257.283897183173,390.7612752940203,3.942531934118156,0.0,4201.990876736983,3.806445998801691,3826.858863836016
62,7,28,25.73103645,28.0,0.0001,44014.128961278446,7.849203595449651,37685.52152911714,0.08127961878854938,814.3213300499999,8756424.747050509,1160281.6855214667,32.59263087719456,47.68203381876289,904.5327854982895,0,80.27466469595745,82684.45794058984,9999390.890512565,0.008268949463615925,2.9577350657205237,0.008268949463615925,11.731036450000001,11.731036450000001,10000000,0.173,92.2716500372928,3,0.01,10,0.33999999999999997,0.5515170839999999,0.1380384408515286,0.07765316954590834,0.9906456119023961,1,0.002307,20201.071991445526,436.0240371719666,4.4014128961278445,124.60042046162197,4491.395842050727,3.768552152911714,3395.864848460616
63,7,28,25.71285115,28.0,0.0001,48812.54700714339,7.839212790171216,36586.22198337412,0.0895485682521653,826.0523665,8732484.057823468,1180482.7575129122,36.9940437733224,51.450585971674606,1029.1332059599115,0,88.444629744997,86516.3468262224,9999483.162162602,0.008652081854949732,3.008962299126637,0.008652081854949732,11.712851149999999,11.712851149999999,10000000,0.173,78.0797124370994,3,0.01,10,0.33999999999999997,0.5529719080000001,0.09910466631724896,0.055898138353655535,0.9901897785625899,1,0.002307,20145.840821398742,483.33685112079326,4.881254700714339,148.88710296503024,4699.60304824506,3.658622198337412,2711.7630175370305
64,7,28,25.7099668,28.0,0.0001,53841.7185488435,7.837630496197868,34594.72333046775,0.09820065010711503,837.76521765,8709221.196845848,1200628.5983343108,41.87529847403674,55.10920817001202,1178.0203089249417,0,96.98450664404876,89711.44669488023,9999561.24187504,0.008971538303020407,3.0601101207423578,0.008971538303020407,11.7099668,11.7099668,10000000,0.173,66.10747902603259,3,0.01,10,0.33999999999999997,0.553202656,0.09399499893783847,0.053038248724392,0.9898042807770853,1,0.002307,20092.17340112337,532.927635040403,5.38417185488435,161.53031716436632,4989.014069631669,3.4594723330467754,2836.5548459374895
65,7,28,25.779641599999998,28.0,0.0001,59196.74576449632,7.8760321540137825,32438.804634440523,0.10717218841013543,849.4751844499999,8685825.648442773,1220720.7717354342,47.25947032892109,58.56868050305879,1339.550626089308,0,105.82815083197988,93080.92917585812,9999627.349354064,0.00930843979719612,3.111245346943231,0.00930843979719612,11.779641599999998,11.779641599999998,10000000,0.173,55.99626871391018,3,0.01,10,0.33999999999999997,0.5476286720000001,0.08888658984037125,0.049650382055949016,0.9893972070037557,1,0.002307,20038.19987095748,585.6909492310407,5.919674576449633,458.61308605347494,5030.453301144244,3.2438804634440523,2917.9779396032604
66,7,28,25.92379425,28.0,0.0001,64348.35725424168,7.956689607211802,30323.085392436096,0.11648062820733154,861.2548260499999,8662339.775951695,1240758.9716063917,53.17914490537072,61.81256096650284,1798.163712142783,0,114.99170587187356,96584.59806469243,9999683.34562278,0.009658765655511579,3.1626848299126635,0.009658765655511579,11.92379425,11.92379425,10000000,0.173,47.453343061539854,3,0.01,10,0.33999999999999997,0.53609646,0.08374778549172492,0.045794829161652145,0.9889730069651915,1,0.002307,19984.01796312056,636.3878836699779,6.434835725424168,0.0,5089.618667041586,3.0323085392436098,2924.3274413211993
67,7,28,25.9989159,28.0,0.0001,70067.92896922783,7.999380562252319,28154.761858176465,0.12613939386284312,873.1786202999999,8638842.496006645,1260742.9895695122,59.613980630794885,64.84486950574646,1798.163712142783,0,124.45885013654134,100145.31338968361,9999730.79896584,0.010014800938445315,3.214753800436681,0.010014800938445315,11.9989159,11.9989159,10000000,0.173,40.232626275932795,3,0.01,10,0.33999999999999997,0.530086728,0.07854609533637558,0.04246896752751609,0.9885403990057058,1,0.002307,19929.80973828733,692.6497846074393,7.006792896922783,552.9319909319927,5001.450535952197,2.8154761858176465,2951.6121210434353
68,7,28,25.9916233,28.0,0.0001,75202.09050595855,7.9952161766180945,26102.107967081887,0.13615419480128843,885.1775362,8615308.656988982,1280672.7993077994,66.62077352771767,67.6603456915641,2351.095703074776,0,134.28111921928178,103789.57529533449,9999771.031592116,0.010379195180313005,3.2671508131004363,0.010379195180313005,11.9916233,11.9916233,10000000,0.173,34.12655966449313,3,0.01,10,0.33999999999999997,0.5306701359999999,0.07331163377126641,0.03968238055705573,0.9880962947623377,1,0.002307,19875.517171673582,743.0690698731962,7.520209050595855,344.24169453912845,4604.809235034405,2.6102107967081887,2958.6749610885604
69,7,28,26.05488305,28.0,0.0001,80198.20690727643,8.031485171589042,24453.363482339333,0.14653338998160143,897.1691595,8591765.52234601,1300548.316479473,74.14098257831353,70.27055648827229,2695.337397613904,0,144.41153906658582,107491.31932629624,9999805.15815178,0.010749341374783686,3.319515980349345,0.010749341374783686,12.05488305,12.05488305,10000000,0.173,28.96081369772171,3,0.01,10,0.33999999999999997,0.5256093559999999,0.06808035356310047,0.0364993442084046,0.9876436204514186,1,0.002307,19821.203160052246,792.0724742361446,8.019820690727643,0.0,3826.858863836016,2.4453363482339334,2901.012587514773
70,7,28,25.78290425,28.0,0.0001,84809.11842465786,7.877839607291103,23525.071869669857,0.1572827313563851,909.2240425499999,8568280.194937905,1320369.519639525,82.16080326904117,72.71589283650623,2695.337397613904,0,154.8766961055474,111184.40438804717,9999834.118965479,0.0111186248757044,3.3721573910480345,0.0111186248757044,11.782904250000001,11.782904250000001,10000000,0.173,24.58875266258789,3,0.01,10,0.33999999999999997,0.5473676599999999,0.06282147663430136,0.03507417355632345,0.9871899466705951,1,0.002307,19767.022509721748,837.2270909481819,8.480911842465787,438.69110646108106,3395.864848460616,2.3525071869669856,2946.5048293972327
71,7,28,25.701279800000002,28.0,0.0001,88595.03834576311,7.832868846541945,23073.359343419506,0.1684013562320895,921.0069467999999,8544754.029260501,1340136.542149247,90.64171511150695,75.06840002347322,3134.028504074985,0,165.71011513498019,114968.13630839258,9999858.707718141,0.011496976074237658,3.4236111213973794,0.011496976074237658,11.701279800000002,11.701279800000002,10000000,0.173,20.886424848606087,3,0.01,10,0.33999999999999997,0.5538976159999999,0.057681248972401795,0.03258849641959011,0.9867238077492247,1,0.002307,19712.747645503976,874.1883358421995,8.859503834576312,437.79926011919383,2711.7630175370305,2.3073359343419506,2858.8483452640953
72,7,28,25.584253250000003,28.0,0.0001,91734.33093518857,7.769281879206155,23218.13733521223,0.17989833230632715,932.7082265999999,8521329.131358739,1359849.289794751,99.50121894608327,77.37573595781517,3571.8277641941786,0,176.87695490389842,118701.17298949888,9999879.594142988,0.011870260223835409,3.474708413100436,0.011870260223835409,11.584253250000003,11.584253250000003,10000000,0.173,17.75011030902567,3,0.01,10,0.33999999999999997,0.5632597399999997,0.052576629531266426,0.030206584653454577,0.9862614864985183,1,0.002307,19658.706406044614,904.740375910861,9.173433093518858,493.4160536305147,2836.5548459374895,2.321813733521223,2742.911675434974
73,7,28,25.6735397,28.0,0.0001,94973.03667031288,7.817702185654331,23122.17235097619,0.19176859253016257,944.2924798499998,8498040.523011658,1379507.9962007955,108.67465203960212,79.69754969133639,4065.2438178246935,0,188.3722017309385,122348.8250408447,9999897.3442533,0.012235008103473746,3.5252946718340605,0.012235008103473746,11.6735397,11.6735397,10000000,0.173,15.092047629997248,3,0.01,10,0.33999999999999997,0.5561168240000001,0.047523062283777354,0.02695694195328862,0.9858070418746823,1,0.002307,19604.9795865879,936.2508833781687,9.49730366703129,572.4409391017828,2917.9779396032604,2.312217235097619,2533.8460716940485
74,7,28,25.631224600000003,28.0,0.0001,98245.3272505255,7.794679566081882,22735.72826583188,0.20400360063363632,955.9660195499998,8474980.538517628,1399112.9757873835,118.17195570663341,82.00976692643401,4637.684756926476,0,200.1817226330674,125818.92199591693,9999912.436300928,0.012582002372258637,3.5762708277292568,0.012582002372258637,11.631224600000003,11.631224600000003,10000000,0.173,12.83834116752641,3,0.01,10,0.33999999999999997,0.5595020319999997,0.04243054430984725,0.024214775275430072,0.9853712526872003,1,0.002307,19551.78020236017,968.0812118351424,9.824532725052551,627.592355988219,2924.3274413211993,2.2735728265831883,2354.186899295399
75,7,28,25.5578504,28.0,0.0001,101500.31901496857,7.755078232952247,22163.314150979495,0.21658560300589497,967.5972441499998,8452119.328545304,1418664.7559897436,127.99648843168596,84.2833397530172,5265.277112914695,0,212.27982818470315,129141.19010704747,9999925.274642095,0.012914215512642371,3.6270622015283833,0.012914215512642371,11.5578504,11.5578504,10000000,0.173,10.926466204511541,3,0.01,10,0.33999999999999997,0.565371968,0.03735648606731451,0.021542716246351026,0.9849507901751329,1,0.002307,19499.039390954018,999.7281941682136,10.150031901496858,1775.2069866335823,2951.6121210434353,2.2163314150979496,2163.686081044275
76,7,28,25.74945645,28.0,0.0001,103666.30231164514,7.859349336888978,21373.171779565237,0.22949981851853735,979.1550945499998,8429467.801345343,1438163.7953806976,138.14652033318282,86.49967116811516,7040.484099548277,0,224.64619150129798,132304.60438225995,9999936.201108301,0.01323054484763578,3.6775331639737985,0.01323054484763578,11.74945645,11.74945645,10000000,0.173,9.30377916767813,3,0.01,10,0.33999999999999997,0.5500434839999999,0.03231443691901753,0.01812983237576332,0.9845470542648679,1,0.002307,19446.782317703706,1020.6435256746148,10.366630231164514,1173.8341407205062,2958.6749610885604,2.1373171779565237,1860.4096035888851
77,7,28,25.4209673,28.0,0.0001,106461.42002745664,7.68226550448714,20272.769104887604,0.24273036336617312,990.9045509999999,8407149.269677544,1457610.5776984012,148.51315056434734,88.63698834607167,8214.318240268783,0,237.150138910419,135185.65751152346,9999945.504887467,0.01351863942113,3.7288408340611348,0.01351863942113,11.420967300000001,11.420967300000001,10000000,0.173,7.925969837648698,3,0.01,10,0.33999999999999997,0.5763226159999999,0.027188800677292638,0.015982911146884656,0.98417462454191,1,0.002307,19395.293465146096,1047.7662808372072,10.646142002745664,0.0,2901.012587514773,2.0272769104887605,1684.6355369322876
78,7,28,25.68728595,28.0,0.0001,110399.55275380587,7.8252104813063035,19054.36477739463,0.2562490027873031,1002.3255182999999,8385029.500364466,1477005.8711635473,159.15929256709302,90.66426525656044,8214.318240268783,0,249.82355782365346,137918.0593292929,9999953.430857306,0.013791870160486244,3.7787140537117896,0.013791870160486244,11.68728595,11.68728595,10000000,0.173,6.755366890500642,3,0.01,10,0.33999999999999997,0.555017124,0.022206466034192227,0.012571468290751075,0.9838180326274062,1,0.002307,19344.263157340825,1086.1307079319483,11.039955275380587,1334.7238745773577,2946.5048293972327,1.905436477739463,1375.4257754377506
79,7,28,25.42919905,28.0,0.0001,113086.42446128231,7.68660558773195,17481.380286957406,0.27004087294778933,1014.0128042499999,8363230.436090645,1496350.1343208882,170.1992478424736,92.5697017342999,9549.042114846141,0,262.7689495767735,140379.61581266264,9999960.186224196,0.0140380174719143,3.829750236899563,0.0140380174719143,11.429199050000001,11.429199050000001,10000000,0.173,5.7604118213254125,3,0.01,10,0.33999999999999997,0.5756640759999999,0.017107951333733676,0.010045401656722497,0.9834917623273138,1,0.002307,19293.972716061122,1112.195668887212,11.308642446128232,1295.8220631307397,2858.8483452640953,1.7481380286957406,1127.2452214839184
80,7,28,25.5902472,28.0,0.0001,115750.33776985675,7.772513627020722,15748.029025148533,0.28407889041970363,1025.4420033,8341702.782896034,1515644.1070369494,181.50789028860183,94.31783976299563,10844.86417797688,0,275.8257300515975,142619.05670303377,9999965.946636017,0.01426195423705525,3.879659403056768,0.01426195423705525,11.5902472,11.5902472,10000000,0.173,4.9142906111129525,3,0.01,10,0.33999999999999997,0.5627802239999999,0.012122025634628858,0.0069584770280299735,0.9831902820992263,1,0.002307,19244.30842014115,1138.0460724502618,11.575033776985675,3397.413280107885,2742.911675434974,1.5748029025148533,801.9067451984882
81,7,28,25.5890237,28.0,0.0001,116222.30720385711,7.771853736238536,13805.449292009533,0.29834084465675886,1037.0322505,8320523.435948855,1534888.4154570906,193.0829240655875,95.89264266551048,14242.277458084765,0,288.97556673109796,144559.0095206825,9999970.860926628,0.014455943075346844,3.930271836244541,0.014455943075346844,11.589023699999998,11.589023699999998,10000000,0.173,4.194425532056632,3,0.01,10,0.33999999999999997,0.5628781040000002,0.007065843559170351,0.004056752798261348,0.9829229058958487,1,0.002307,19195.44766673401,1142.3756792673528,11.622230720385712,2018.5573651683103,2533.8460716940485,1.3805449292009533,473.4335733533541
82,7,28,25.332236100000003,28.0,0.0001,117868.34935892982,7.635792392322324,11743.656248739637,0.31279678773210573,1048.6212742,8299716.373455033,1554083.8631238246,204.7051547859732,97.27318759471143,16260.834823253075,0,301.97834238068464,146174.8187733032,9999975.05535216,0.014617518340215048,3.980878926637555,0.014617518340215048,11.332236100000003,11.332236100000003,10000000,0.173,3.5816795863961732,3,0.01,10,0.33999999999999997,0.5834211119999998,0.0020101952289082736,0.0011962461425024942,0.9826927892573599,1,0.002307,19147.44577356076,1158.283769966877,11.786834935892982,2399.332829799962,2354.186899295399,1.1743656248739638,148.5592491746123
83,7,28,25.544858400000003,28.0,0.0001,118969.70036345624,7.7481081195358215,9536.854232993976,0.3274143060723208,1059.9535103,8279265.666341917,1573231.3088973854,216.4919897218662,98.44755321958539,18660.16765305304,0,314.9395429414516,147481.6617924447,9999978.637031747,0.014748197685772365,4.030364673799127,0.014748197685772365,11.544858400000003,11.544858400000003,10000000,0.173,3.0598456299162433,3,0.01,10,0.33999999999999997,0.5664113279999998,0.0001,5.777395545599998e-05,0.9824983880435043,1,0.002307,19100.265992250803,1168.8753883311447,11.896970036345625,2440.625032400962,2163.686081044275,0.9536854232993976,16.753055461905824
84,7,28,25.392948699999998,28.0,0.0001,119849.73983039435,7.667529722443022,7388.9675219883065,0.34216250375809315,1071.4983687000001,8258982.831751503,1592331.5748896361,228.38895975821183,99.40123864288479,21100.792685454002,0,327.79019840109663,148667.29023623775,9999981.696877377,0.014866756234430012,4.080778902620088,0.014866756234430012,11.392948699999998,11.392948699999998,10000000,0.173,2.615157536347641,3,0.01,10,0.33999999999999997,0.5785641040000001,0.0001,5.901353860800001e-05,0.9823176169227782,1,0.002307,19053.47349285072,1177.3051081900796,11.984973983039435,3196.2020309163872,1860.4096035888851,0.7388967521988307,16.94769404555709
85,7,28,25.06721195,28.0,0.0001,119679.26753727389,7.50027386881715,5544.76671569278,0.35702925999252316,1082.8913174000002,8238737.720613953,1611385.048382487,240.37393374125125,100.14013539508362,24296.99471637039,0,340.51406913633485,149861.54303847344,9999984.312034912,0.014986177814110779,4.130529770305677,0.014986177814110779,11.06721195,11.06721195,10000000,0.173,2.23600821434737,3,0.01,10,0.33999999999999997,0.6046230439999999,0.0001,6.167155048799999e-05,0.982135093317925,1,0.002307,19006.76802145639,1175.412085909414,11.96792675372739,3380.4551288103407,1684.6355369322876,0.554476671569278,17.24894858003678
86,7,28,25.55505395,28.0,0.0001,119146.89210455152,7.753576898959758,3876.82565066896,0.37201543780663393,1093.9585293500002,8218540.527566222,1630391.8164039433,252.34186049497865,100.6946120666529,27677.44984518073,0,353.0364725616315,151054.20407296284,9999986.548043128,0.015105440727070003,4.17885820676856,0.015105440727070003,11.555053950000001,11.555053950000001,10000000,0.173,1.9126093321514743,3,0.01,10,0.33999999999999997,0.5655956839999998,0.0001,5.769075976799998e-05,0.9819520288716084,1,0.002307,18960.173097095274,1169.9653243581097,11.914689210455153,3002.5062140879586,1375.4257754377506,0.387682565066896,16.74961884644339
87,7,28,25.41131655,28.0,0.0001,118677.86230104897,7.677183508975238,2517.761811512586,0.3871208785337039,1105.5135833000002,8198395.552135254,1649351.9895010386,264.2565497054338,101.08229463171979,30679.95605926869,0,365.3388443371536,152240.9190161674,9999988.46065246,0.015224109469245756,4.229316957641922,0.015224109469245756,11.411316549999999,11.411316549999999,10000000,0.173,1.636651545072415,3,0.01,10,0.33999999999999997,0.5770946760000001,0.0001,5.886365695200001e-05,0.981768944254476,1,0.002307,18913.698638776033,1165.1423957767895,11.867786230104898,3366.853611792737,1127.2452214839184,0.2517761811512586,16.858454228523634
88,7,28,25.8087247,28.0,0.0001,117591.52852028684,7.8921730170367415,1407.1232680760402,0.40234498800294966,1116.9248998500002,8178301.489298018,1668265.6881398147,276.12433593553874,101.33407081287105,34046.809671061426,0,377.4584067484098,153422.9198661727,9999990.097304005,0.015342307179637657,4.279148034279477,0.015342307179637657,11.808724699999999,11.808724699999999,10000000,0.173,1.4010791377930794,3,0.01,10,0.33999999999999997,0.545302024,0.0001,5.5620806448e-05,0.981585694349489,1,0.002307,18867.341635810528,1154.261621722035,11.759152852028684,3461.2347681835413,801.9067451984882,0.14071232680760404,16.420096225215588
89,7,28,25.66547385,28.0,0.0001,116074.7029661718,7.8133032670912534,621.49590677596,0.4176872951825873,1128.7336245500003,8158264.867023398,1687133.029775625,287.88348878756744,101.47478313967865,37508.044439244964,0,389.3582719272461,154593.60158411998,9999991.498383144,0.015459373301378863,4.330714517685591,0.015459373301378863,11.665473850000001,11.665473850000001,10000000,0.173,1.1999010484976518,3,0.01,10,0.33999999999999997,0.5567620919999998,0.0001,5.678973338399998e-05,0.981403075468213,1,0.002307,18821.11714822298,1139.1607047506031,11.60747029661718,4201.990876736983,473.4335733533541,0.062149590677596,16.469263270431625
90,7,28,25.6125987,28.0,0.0001,113473.69889724215,7.784588590018685,164.46944710235982,0.43314666848396616,1140.3990984000002,8138289.319808203,1705954.146923848,299.4909590841846,101.53693273035624,41710.03531598195,0,401.02789181454085,155749.231552141,9999992.698284192,0.015574934527588664,4.381655451528385,0.015574934527588664,11.6125987,11.6125987,10000000,0.173,1.0280261308689755,3,0.01,10,0.33999999999999997,0.560992104,0.0001,5.7221194608e-05,0.9812215447772912,1,0.002307,18775.033560797525,1113.4283812354515,11.347369889724217,4491.395842050727,148.5592491746123,0.016446944710235983,16.371170208474418
91,7,28,25.516780699999998,28.0,0.0001,110232.94331571176,7.7330873530306885,32.26492119151172,0.44872160301155484,1152.0116971000002,8118385.514722092,1724729.1804846455,310.83832897390886,101.55337967506648,46201.431158032676,0,412.39170864897534,156879.0311035849,9999993.726310322,0.015687912952468245,4.432365489519651,0.015687912952468245,11.516780699999998,11.516780699999998,10000000,0.173,0.8811276032855978,3,0.01,10,0.33999999999999997,0.5686575440000001,0.0001,5.800306948800001e-05,0.9810424149905008,1,0.002307,18729.11548246387,1081.4319292195685,11.023294331571176,4699.60304824506,16.753055461905824,0.003226492119151172,16.272637133706453
92,7,28,25.302892399999998,28.0,0.0001,106620.50195781661,7.620547052400976,31.781276371193197,0.4644095159640231,1163.5284778000002,8098559.575800878,1743458.2959671095,321.86162330548,101.55660616718563,50901.034206277734,0,423.41822947266564,157976.7356699382,9999994.607437925,0.01579768208599195,4.482657108296944,0.01579768208599195,11.302892399999998,11.302892399999998,10000000,0.173,0.7555253444412605,3,0.01,10,0.33999999999999997,0.5857686080000002,0.0001,5.9748398016000025e-05,0.9808664638886816,1,0.002307,18683.377041372627,1045.8047473339984,10.662050195781662,4989.014069631669,16.94769404555709,0.0031781276371193198,16.24851582907341
93,7,28,25.343905,28.0,0.0001,102683.57827936871,7.641871862866609,31.078920027072396,0.48020719805001505,1174.8313702000003,8078814.901021686,1762141.6730084822,332.52367350126167,101.55978429482275,55890.0482759094,0,434.0834577960844,159038.78893310126,9999995.36296327,0.015903886268000603,4.5320147170305685,0.015903886268000603,11.343905,11.343905,10000000,0.173,0.6480884727754757,3,0.01,10,0.33999999999999997,0.5824876,0.0001,5.9413735199999996e-05,0.9806941474176663,1,0.002307,18637.82607665703,1007.0118425448069,10.268357827936871,5030.453301144244,17.24894858003678,0.00310789200270724,15.983033495622124
94,7,28,25.49564475,28.0,0.0001,98667.11741152138,7.721818589626726,29.80989705065503,0.49611108431801565,1186.1752752000002,8059154.728157462,1780779.4990851393,342.79203132919855,101.56289218682545,60920.50157705364,0,444.354923516024,160061.7838091417,9999996.011051742,0.016006184765698452,4.5815514200873375,0.016006184765698452,11.49564475,11.49564475,10000000,0.173,0.5561526358963061,3,0.01,10,0.33999999999999997,0.57034842,0.0001,5.8175538839999995e-05,0.9805259073567288,1,0.002307,18592.470057859264,967.456648262049,9.86671174115214,5089.618667041586,16.74961884644339,0.0029809897050655032,15.628231181698505
95,7,28,25.3451034,28.0,0.0001,94551.83829984714,7.642496774764006,28.68552839620508,0.5121172690837141,1197.6709199500003,8039579.729372795,1799371.9691429986,352.6587430703507,101.56587317653052,66010.12024409523,0,454.22461624688117,161044.86868858544,9999996.567204379,0.01610449239720164,4.631750742139739,0.01610449239720164,11.3451034,11.3451034,10000000,0.173,0.4774494497644488,3,0.01,10,0.33999999999999997,0.582391728,0.0001,5.9403956256e-05,0.9803618777127469,1,0.002307,18547.31053566304,926.9501773683015,9.455183829984714,5001.450535952197,16.858454228523634,0.002868552839620508,15.506450778787803
96,7,28,25.278453900000002,28.0,0.0001,90484.74121166178,7.60789656461423,27.330656393629628,0.5282217614809158,1209.0160233500003,8020090.439658434,1817919.2796786616,362.1139269003354,101.56874172937013,71011.57078004743,0,463.6826686297055,161987.32531673257,9999997.04465383,0.016198737318960887,4.681292678384281,0.016198737318960887,11.278453900000002,11.278453900000002,10000000,0.173,0.4100470838106244,3,0.01,10,0.33999999999999997,0.5877236879999997,0.0001,5.994781617599997e-05,0.9802021772501176,1,0.002307,18502.34874429201,886.9334034358432,9.048474121166178,4604.809235034405,16.420096225215588,0.002733065639362963,15.316972062952594
97,7,28,25.30026225,28.0,0.0001,86774.23700216727,7.619183546318709,26.224799165727273,0.5444204987998768,1220.2944772500002,8000686.250585727,1836421.6284229537,371.1624010215016,101.5714747950095,75616.38001508184,0,472.73387581651104,162889.57569223136,9999997.454700911,0.016288961715251078,4.730543568777294,0.016288961715251078,11.30026225,11.30026225,10000000,0.173,0.3522996119365694,3,0.01,10,0.33999999999999997,0.58597902,0.0001,5.9769860039999995e-05,0.9800467859724042,1,0.002307,18457.583280101273,850.4281207918172,8.677423700216726,3826.858863836016,16.469263270431625,0.0026224799165727275,15.082996975380713
98,7,28,24.9578324,28.0,0.0001,83805.59809869328,7.445735413824269,24.835910390759786,0.5607094605151278,1231.5947395000003,7981363.50848747,1854879.2117030548,379.8398247217183,101.57409727492606,79443.23887891785,0,481.4139219966444,163755.08680999852,9999997.807000523,0.016375512272148837,4.779889692139739,0.016375512272148837,10.957832400000001,10.957832400000001,10000000,0.173,0.30280407972274015,3,0.01,10,0.33999999999999997,0.6152709499999999,0.0001,6.275763689999998e-05,0.9798953097006419,1,0.002307,18413.005714080595,821.2071250356657,8.380559809869329,3395.864848460616,16.371170208474418,0.002483591039075979,15.15370185726812
99,7,28,25.03801955,28.0,0.0001,81238.93098566694,7.485640044396663,23.615958448514412,0.5770849727872767,1242.5525719000002,7962114.444750576,1873292.2174171354,388.2203845315876,101.57658086596514,82839.10372737846,0,489.79696539755275,164591.44763689148,9999998.109804602,0.016459147874789703,4.827740488646289,0.016459147874789703,11.038019550000001,11.038019550000001,10000000,0.173,0.2603641710126721,3,0.01,10,0.33999999999999997,0.6069584359999999,0.0001,6.1909760472e-05,0.9797468433315558,1,0.002307,18368.59812403958,795.9358618883731,8.123893098566695,2711.7630175370305,16.272637133706453,0.002361595844851441,14.927619856058405
100,7,28,25.44154245,28.0,0.0001,79331.25257405342,7.693122682491869,22.268579575021512,0.5935441206620664,1253.5905914500001,7942935.243508963,1891660.815541175,396.3442776301543,101.57894246180999,85550.86674491549,0,497.92322009196425,165402.3111186359,9999998.370168773,0.016540233807642545,4.875941447379914,0.016540233807642545,11.44154245,11.44154245,10000000,0.173,0.2239596393160031,3,0.01,10,0.33999999999999997,0.574676604,0.0001,5.8617013608000006e-05,0.9796009588890096,1,0.002307,18324.351706775178,777.1297109140894,7.933125257405342,2836.5548459374895,16.24851582907341,0.0022268579575021514,14.555302283983227
101,7,28,25.338967500000003,28.0,0.0001,77280.14282960168,7.639298255426418,20.57313917197383,0.610084354469709,1265.0321339000002,7923819.430748629,1909985.16724795,404.2774028875596,101.58116931976748,88387.42159085297,0,505.8585722073271,166193.99613183396,9999998.594128413,0.016619401949657896,4.925904514847162,0.016619401949657896,11.338967500000003,11.338967500000003,10000000,0.173,0.1927197959385288,3,0.01,10,0.33999999999999997,0.5828825999999998,0.0001,5.945402519999998e-05,0.9794568948946827,1,0.002307,18280.25152673709,756.9256873289925,7.728014282960169,2917.9779396032604,15.983033495622124,0.002057313917197383,14.500227888898522
102,7,28,25.408347749999997,28.0,0.0001,75127.34559654008,7.675621518461008,19.088276251333028,0.6267037564193669,1276.3711014000003,7904767.9460264705,1928265.4187746872,412.00541717051976,101.58322663368467,91305.39953045623,0,513.5886438042045,166965.42204705183,9999998.78684821,0.016696544230249435,4.97541965676856,0.016696544230249435,11.408347749999997,11.408347749999997,10000000,0.173,0.16590152254892782,3,0.01,10,0.33999999999999997,0.5773321800000002,0.0001,5.888788236000002e-05,0.9793147996305902,1,0.002307,18236.299751483068,735.7332139965375,7.5127345596540085,2924.3274413211993,15.628231181698505,0.0019088276251333029,14.332577095417282
103,7,28,25.44786095,28.0,0.0001,72946.86686583747,7.696463015861575,17.79071333742667,0.6434003006496164,1287.7794491500003,7885781.746385418,1946501.7185261704,419.51815173017377,101.5851354613098,94229.72697177743,0,521.1032871914836,167715.4878381438,9999998.952749731,0.016771550540215462,5.025237769213975,0.016771550540215462,11.447860949999999,11.447860949999999,10000000,0.173,0.14287009601724776,3,0.01,10,0.33999999999999997,0.574171124,0.0001,5.8565454648e-05,0.9791748251771377,1,0.002307,18192.49858891116,714.2773561057634,7.294686686583747,2951.6121210434353,15.506450778787803,0.001779071333742667,14.183197810510544
104,7,28,25.27680555,28.0,0.0001,70717.743864992,7.607044814924658,16.465681297815667,0.6601718511898319,1299.2273101000003,7866860.930112686,1964694.2171150816,426.81283841675753,101.58691453264355,97181.33909282087,0,528.3997529494011,168443.9483920601,9999999.095619828,0.016844396362579818,5.075228428384281,0.016844396362579818,11.276805549999999,11.276805549999999,10000000,0.173,0.12308315174295177,3,0.01,10,0.33999999999999997,0.5878555560000001,0.0001,5.9961266712e-05,0.9790370183908436,1,0.002307,18148.848265769968,692.3528910090913,7.071774386499199,2958.6749610885604,15.316972062952594,0.0016465681297815667,14.15143563566204
105,7,28,24.90303445,28.0,0.0001,68459.66699258897,7.418709384284181,15.29849830239533,0.6770162475524117,1310.5041156500004,7848005.700603423,1982843.0653808515,433.88461280325674,101.58856110077333,100140.01405390943,0,535.4731739040301,169150.45271870485,9999999.21870298,0.016915046593438034,5.12447212074236,0.016915046593438034,10.90303445,10.90303445,10000000,0.173,0.10607708603220685,3,0.01,10,0.33999999999999997,0.62212069375,0.0001,6.34563107625e-05,0.9789014396771338,1,0.002307,18105.349251292097,670.1526657886251,6.845966699258898,2901.012587514773,30.236698832648834,0.0015298498302395332,14.25254158186008
106,7,28,24.799489700000002,28.0,0.0001,66252.19780299622,7.368173685590017,-0.687188798223664,0.6939312941458498,1321.4071501000003,7829216.052221846,2000948.4146321437,440.73057950251564,101.59009095060357,103041.0266414242,0,542.3206704531192,169834.85792607535,9999999.324780066,0.016983486939366427,5.172083624890831,0.016983486939366427,10.799489700000002,10.799489700000002,10000000,0.173,0.09145545956218874,3,0.01,10,0.33999999999999997,0.6350637874999997,0.0001,6.477650632499996e-05,0.978768123889471,1,0.002307,18062.0015324758,648.4553934719273,6.625219780299623,2946.5048293972327,14.927619856058405,-6.87188798223664e-05,14.200467489671464
107,7,28,24.92690295,28.0,0.0001,63962.45076714667,7.430457034043975,-1.414272445730782,0.7109147810852162,1332.2066398000004,7810491.486283868,2019010.4161646194,447.35579928281527,101.59002223172375,105987.53147082144,0,548.945821514539,170497.51378703694,9999999.416235523,0.01704975237400767,5.219242968558953,0.01704975237400767,10.926902949999999,10.926902949999999,10000000,0.173,0.07887913332985652,3,0.01,10,0.33999999999999997,0.6191371312500001,0.0001,6.315198738750001e-05,0.9786370443831558,1,0.002307,18018.803958856883,625.9602377026354,6.396245076714667,2858.8483452640953,0.0,-0.00014142724457307822,13.953063303647333
108,7,28,24.83256345,28.0,0.0001,61723.166414508494,7.384240549204736,12.538932285161124,0.7279645334592239,1343.1335427500003,7791832.847903138,2037029.2201234763,453.7520443595299,101.58988080447918,108846.37981608554,0,555.3419251640091,171137.42708804322,9999999.495114656,0.017113743572852152,5.266958701965066,0.017113743572852152,10.832563449999999,10.832563449999999,10000000,0.173,0.0680578921320582,3,0.01,10,0.33999999999999997,0.6309295687500002,0.0001,6.435481601250002e-05,0.978508342844689,1,0.002307,17975.75848011254,603.9663328338768,6.17231664145085,2742.911675434974,14.555302283983227,0.0012538932285161126,13.886814222726848
109,7,28,25.028085750000002,28.0,0.0001,59592.60405754993,7.480673354778266,11.86919033067623,0.745078277032076,1353.9661062000002,7773239.304333861,2055004.9786035889,459.92436100098075,101.5911346977077,111589.2914915205,0,561.5154956986885,171755.2802350998,9999999.56317255,0.017175528773784223,5.314262472489084,0.017175528773784223,11.028085750000002,11.028085750000002,10000000,0.173,0.05874326227093927,3,0.01,10,0.33999999999999997,0.6077531399999998,0.0001,6.199082027999998e-05,0.9783819512515857,1,0.002307,17932.86317509822,583.0432823798886,5.959260405754993,2533.8460716940485,14.500227888898522,0.001186919033067623,13.614333133347294
110,7,28,24.862731150000002,28.0,0.0001,57650.34223571891,7.398956912891193,10.982108656091935,0.7622538058058602,1364.9941919500002,7754709.842286512,2072937.8417786872,465.88362140673576,101.59232161674078,114123.13756321455,0,567.4759430234765,172351.93785061303,9999999.621915814,0.01723519443669675,5.362420052183407,0.01723519443669675,10.862731150000002,10.862731150000002,10000000,0.173,0.05072244366439589,3,0.01,10,0.33999999999999997,0.6271586062499998,0.0001,6.397017783749997e-05,0.9782577778966632,1,0.002307,17890.115706154986,563.9689569049654,5.765034223571892,2354.186899295399,14.332577095417282,0.0010982108656091936,13.607719446804
111,7,28,25.0010608,28.0,0.0001,55868.69183620032,7.467194746679152,10.256152796613044,0.779489000242557,1375.8569231000001,7736242.200626449,2090827.9574848423,471.64865563030764,101.59341982760638,116477.32446250995,0,573.242075457914,172929.51452696478,9999999.672638256,0.01729295201880157,5.409855559388647,0.01729295201880157,11.001060800000001,11.001060800000001,10000000,0.173,0.04381311053200586,3,0.01,10,0.33999999999999997,0.6099151359999999,0.0001,6.221134387199998e-05,0.9781355721237353,1,0.002307,17847.51085684522,546.4715485300646,5.586869183620032,2163.686081044275,14.183197810510544,0.0010256152796613044,13.399672942186818
112,7,28,24.93706375,28.0,0.0001,54260.073632313,7.4354692963664375,9.471602313009658,0.7967819522613585,1386.8579839000001,7717834.862361242,2108675.4683416877,477.23552481392767,101.59444544288604,118641.01054355422,0,578.8299702568137,173489.38574843702,9999999.716451367,0.017348939066770496,5.457895126200874,0.017348939066770496,10.93706375,10.93706375,10000000,0.173,0.03785900029492554,3,0.01,10,0.33999999999999997,0.61786703125,0.0001,6.30224371875e-05,0.9780151746026663,1,0.002307,17805.045127467387,530.6717538746012,5.4260073632312995,1860.4096035888851,28.40397721752212,0.0009471602313009659,13.344422727574251
113,7,28,25.142497900000002,28.0,0.0001,52953.313752453,7.538279264318597,-5.58889933716951,0.814130891328129,1397.7950476500002,7699485.838916173,2126480.513469155,482.66153217715896,101.59539260311735,120501.4201471431,0,584.2569247802763,174033.40192503922,9999999.754310366,0.01740334062008596,5.505655229912665,0.01740334062008596,11.142497900000002,11.142497900000002,10000000,0.173,0.03272613076479724,3,0.01,10,0.33999999999999997,0.5986001679999998,0.0001,6.105721713599997e-05,0.9778963641795273,1,0.002307,17762.713930379614,517.8285298978155,5.295331375245301,1684.6355369322876,14.200467489671464,-0.000558889933716951,13.161716898918659
114,7,28,25.22277375,28.0,0.0001,51795.41188153296,7.579230236120937,-6.627091037988598,0.831534231948215,1408.9375455500003,7681192.167465128,2144243.2273995345,487.9568635524043,101.59483371318363,122186.05568407539,0,589.5516972655879,174564.39217183593,9999999.787036499,0.01745643958894204,5.554312425982534,0.01745643958894204,11.222773750000002,11.222773750000002,10000000,0.173,0.028299574898950706,3,0.01,10,0.33999999999999997,0.5921780999999998,0.0001,6.040216619999998e-05,0.9777787930612881,1,0.002307,17720.510430342052,506.444553156376,5.179541188153296,1375.4257754377506,13.953063303647333,-0.0006627091037988598,13.059034807083615
115,7,28,25.5939495,28.0,0.0001,50935.20418136707,7.77451113336025,-7.520456825448518,0.848990671537157,1420.1603193000003,7662952.181746397,2161963.7378298766,493.13640474055757,101.59417100407984,123561.48145951313,0,594.7305757446375,175083.8957597994,9999999.815336073,0.017508389899296744,5.603320171615722,0.017508389899296744,11.5939495,11.5939495,10000000,0.173,0.02448072563569019,3,0.01,10,0.33999999999999997,0.56248404,0.0001,5.737337208e-05,0.977662274831541,1,0.002307,17678.43078328894,497.97427588964354,5.093520418136707,1127.2452214839184,13.886814222726848,-0.0007520456825448518,12.857046341688509
116,7,28,25.3978808,28.0,0.0001,50314.72652957739,7.670119553605616,-8.549472660804312,0.8664990614364537,1431.7542688000003,7644762.944121603,2179642.1686131656,498.2299251586943,101.5934189583973,124688.72668099705,0,599.8233441170916,175594.7270820307,9999999.8398168,0.01755947298947633,5.653948772052403,0.01755947298947633,11.3978808,11.3978808,10000000,0.173,0.021184932987007573,3,0.01,10,0.33999999999999997,0.5781695360000001,0.0001,5.8973292672000004e-05,0.977546458299649,1,0.002307,17636.46821208854,491.8498271930377,5.031472652957739,801.9067451984882,13.614333133347294,-0.0008549472660804312,12.900600380972763
117,7,28,25.4060616,28.0,0.0001,50013.25247205233,7.674419127327549,-9.262350465912762,0.8840585344259301,1443.1521496000003,7626621.746666874,2197278.636825254,503.26139781165205,101.59256401113122,125490.63342619553,0,604.8539618227833,176099.47750960474,9999999.861001732,0.0176099479957357,5.703721177292578,0.0176099479957357,11.406061600000001,11.406061600000001,10000000,0.173,0.018339508852640372,3,0.01,10,0.33999999999999997,0.577515072,0.0001,5.8906537344e-05,0.977431017660356,1,0.002307,17594.61646956048,488.84504260262423,5.001325247205233,473.4335733533541,13.607719446804,-0.0009262350465912763,12.879616875750076
118,7,28,25.48472425,28.0,0.0001,50037.2703355012,7.716009115431375,-9.989526801920094,0.9016684824216658,1454.5582112000002,7608525.423877344,2214873.253294815,508.26272305885726,101.59163777608462,125964.06699954889,0,609.8543608349419,176601.2021690831,9999999.879341241,0.01766012042999313,5.753529306550219,0.01766012042999313,11.48472425,11.48472425,10000000,0.173,0.01588200951300354,3,0.01,10,0.33999999999999997,0.5712220600000001,0.0001,5.826465012000001e-05,0.9773155645820538,1,0.002307,17552.868252885033,489.02203108085206,5.0037270335501205,148.5592491746123,13.399672942186818,-0.0009989526801920095,12.849269754189763
119,7,28,25.41551105,28.0,0.0001,50386.129063316075,7.679391467467223,-10.538931037236958,0.9193286028516588,1466.0429354500002,7590470.700205633,2232426.1215477,513.2664500924074,101.59063882340443,126112.62624872349,0,614.8570889158118,177103.07346991813,9999999.895223252,0.017710307532554655,5.803680940829695,0.017710307532554655,11.41551105,11.41551105,10000000,0.173,0.013758773563833373,3,0.01,10,0.33999999999999997,0.5767591160000001,0.0001,5.8829429832000005e-05,0.9771996921265012,1,0.002307,17511.216005374397,492.37309808118624,5.038612906331608,16.753055461905824,13.344422727574251,-0.0010538931037236958,12.89660286247316
120,7,28,25.4413779,28.0,0.0001,50870.0549157566,7.6930357303525305,-10.985697009234327,0.9370389103842135,1477.4584465000003,7572454.228258089,2249937.337553074,518.305062998739,101.5895849303007,126129.3793041854,0,619.8946479290397,177608.3431708618,9999999.908982025,0.0177608344787417,5.853530334061136,0.0177608344787417,11.441377899999999,11.441377899999999,10000000,0.173,0.011923669382888552,3,0.01,10,0.33999999999999997,0.574689768,0.0001,5.861835633600001e-05,0.977082979455466,1,0.002307,17469.65200459141,497.04264822150634,5.08700549157566,16.94769404555709,0.0,-0.0010985697009234328,12.913582306763736
121,7,28,25.36824095,28.0,0.0001,51345.06286444097,7.654582037420853,1.9289838672303325,0.9547997448629552,1488.8998244000002,7554474.631946639,2267406.9895576653,523.3920684903146,101.58848636059977,126146.32699823096,0,624.9805548509144,178118.29940139008,9999999.920905694,0.01781183008102044,5.903492682969433,0.01781183008102044,11.36824095,11.36824095,10000000,0.173,0.010337025499132986,3,0.01,10,0.33999999999999997,0.5805407239999999,0.0001,5.9215153847999995e-05,0.9769652559002173,1,0.002307,17428.173075900897,501.6234248057133,5.134506286444098,17.24894858003678,13.161716898918659,0.00019289838672303326,12.970370827363096
122,7,28,25.23879445,28.0,0.0001,51837.464551279125,7.587456161397332,1.737444897288047,0.9726115749439757,1500.2680653500001,7536531.875412131,2284835.162633566,528.5265747767587,101.5886792589865,126163.57594681099,0,630.1152540357452,178632.89319702316,9999999.93124272,0.017863289442525437,5.953135656550219,0.017863289442525437,11.23879445,11.23879445,10000000,0.173,0.00896471190804765,3,0.01,10,0.33999999999999997,0.590896444,0.0001,6.027143728799999e-05,0.9768465225883665,1,0.002307,17386.779136575788,506.37246986714734,5.183746455127912,16.74961884644339,13.059034807083615,0.0001737444897288047,13.051979656196742
123,7,28,25.28880685,28.0,0.0001,52334.96269065179,7.613250594837035,1.730216001911446,0.9904748643865011,1511.5068598000003,7518625.680790744,2302221.941770142,533.7103212318866,101.58885300347623,126180.32556565743,0,635.2991742353629,179152.31764654652,9999999.940207431,0.017915231871774427,6.002213361572053,0.017915231871774427,11.28880685,11.28880685,10000000,0.173,0.007777352402710289,3,0.01,10,0.33999999999999997,0.5868954519999999,0.0001,5.9863336103999984e-05,0.9767267492407659,1,0.002307,17345.46954558425,511.1695798047708,5.233496269065179,16.858454228523634,12.857046341688509,0.00017302160019114462,13.060031636199344
124,7,28,25.0234398,28.0,0.0001,52836.89736630066,7.478352739502893,1.9330282748220902,1.0083900962582755,1522.7956666500002,7500755.989411071,2319567.411315726,538.9438175009518,101.58902602507642,126197.18401988596,0,640.5328435260283,179676.54725798746,9999999.947984785,0.01796765481925789,6.051509461353713,0.01796765481925789,11.023439799999998,11.023439799999998,10000000,0.173,0.006749654494065196,3,0.01,10,0.33999999999999997,0.6081248160000001,0.0001,6.202873123200001e-05,0.9766059337934225,1,0.002307,17304.24416757134,516.0082749116328,5.283689736630066,16.420096225215588,12.900600380972763,0.00019330282748220902,13.200733859798165
125,7,28,25.1155462,28.0,0.0001,53344.10245563142,7.524629489595379,2.2329684508200094,1.0263577510775335,1533.8191064500002,7482922.542984382,2336871.6554832975,544.2275072375819,101.5892193279039,126213.60411611118,0,645.8167265654859,180205.7562667589,9999999.954734439,0.018020575708247038,6.099646753056769,0.018020575708247038,11.1155462,11.1155462,10000000,0.173,0.005859833320858551,3,0.01,10,0.33999999999999997,0.6007563039999999,0.0001,6.127714300799999e-05,0.9764840481289646,1,0.002307,17263.10240666497,520.8966510968121,5.334410245563142,16.469263270431625,12.879616875750076,0.00022329684508200096,13.191905858164763
126,7,28,25.1630703,28.0,0.0001,53856.07505008799,7.548731595055007,2.5450341363896145,1.0443783267857805,1544.93465265,7465125.357880596,2354134.7578899623,549.5619174831451,101.58944262474898,126230.0733793816,0,651.1513601078941,180739.84482371388,9999999.960594272,0.01807398455359324,6.148186256113537,0.01807398455359324,11.163070300000001,11.163070300000001,10000000,0.173,0.005089118443008991,3,0.01,10,0.33999999999999997,0.5969543759999999,0.0001,6.088934635199999e-05,0.9763610997536568,1,0.002307,17222.044300630536,525.8297666431938,5.385607505008799,16.371170208474418,12.849269754189763,0.00025450341363896146,13.201743078332877
127,7,28,25.132952,28.0,0.0001,54372.99730877189,7.533439052594704,2.8972529571190897,1.0624523113393738,1556.0977229500002,7447364.287159363,2371356.802190593,554.9475249881539,101.58969712816263,126246.44454959007,0,656.5372221163165,181278.87633343542,9999999.965683391,0.018127887695552306,6.196933287991267,0.018127887695552306,11.132952,11.132952,10000000,0.173,0.004421331316324281,3,0.01,10,0.33999999999999997,0.59936384,0.0001,6.113511168e-05,0.9762370748705415,1,0.002307,17181.069510476653,530.8093584465929,5.437299730877189,16.272637133706453,12.89660286247316,0.00028972529571190896,13.24510894094216
128,7,28,25.382288850000002,28.0,0.0001,54894.99333321637,7.661938237163758,3.2454693102923784,1.0805801990349262,1567.23067495,7429639.16760283,2388537.8717010696,560.384824719031,101.58998685345834,126262.71718672378,0,661.9748115724893,181822.93080082294,9999999.970104722,0.018182293134438764,6.245548798908297,0.018182293134438764,11.382288850000002,11.382288850000002,10000000,0.173,0.0038425224388933623,3,0.01,10,0.33999999999999997,0.5794168919999998,0.0001,5.910052298399998e-05,0.9761119574071115,1,0.002307,17140.17765965973,535.8365939433617,5.489499333321637,16.24851582907341,12.913582306763736,0.00032454693102923786,13.166822293601792
129,7,28,25.33549605,28.0,0.0001,55422.0054943041,7.6374898449940405,3.4983847501994045,1.098762492169365,1578.6129638,7411949.990369455,2405678.0493607293,565.8743240523527,101.59031140038937,126278.96570255286,0,667.4646354527421,182371.9342170599,9999999.973947244,0.018237193469218906,6.295253117030567,0.018237193469218906,11.33549605,11.33549605,10000000,0.173,0.003340659914626312,3,0.01,10,0.33999999999999997,0.583160316,0.0001,5.9482352231999993e-05,0.9759857514564094,1,0.002307,17099.368727782334,540.9108767957964,5.542200549430411,15.983033495622124,12.970370827363096,0.0003498384750199405,13.217465129968751
130,7,28,25.21119915,28.0,0.0001,55954.36150788221,7.573298277256874,3.7451292143300394,1.116999685638584,1589.94845985,7394296.496640407,2422777.4180885116,571.4165246017831,101.59066123886439,126294.94873604848,0,673.0071858406475,182926.0625589857,9999999.977287903,0.018292606297444912,6.344753099781659,0.018292606297444912,11.211199149999999,11.211199149999999,10000000,0.173,0.0029053615964681084,3,0.01,10,0.33999999999999997,0.593104068,0.0001,6.0496614936e-05,0.9758584281866054,1,0.002307,17058.64211774942,546.0353527126703,5.595436150788221,15.628231181698505,13.051979656196742,0.000374512921433004,13.303329047450136
131,7,28,25.14255575,28.0,0.0001,56492.22517291859,7.538308615898054,3.9961040926619997,1.1352922919360289,1601.1596590000001,7376678.518746259,2439836.060206261,577.0119607525713,101.59103575178582,126310.57696723018,0,678.6029965043572,183485.4012407458,9999999.980193265,0.018348540160417048,6.393710301310044,0.018348540160417048,11.14255575,11.14255575,10000000,0.173,0.0025276669751789363,3,0.01,10,0.33999999999999997,0.59859554,0.0001,6.105674508e-05,0.9757299705161603,1,0.002307,17017.99744274762,551.2115720236415,5.649222517291859,15.506450778787803,26.26076549599751,0.0003996104092662,13.365518443819354
132,7,28,25.05603155,28.0,0.0001,57048.54183714215,7.494662503787607,-8.899542569925423,1.153640832096446,1612.30221475,7359095.94674071,2456854.0576490085,582.6611832698632,101.59143536219509,126326.08341800897,0,684.2526186320582,184049.97833121323,9999999.982720932,0.018404997864923445,6.442367750000001,0.018404997864923445,11.05603155,11.05603155,10000000,0.173,0.0021998389460255573,3,0.01,10,0.33999999999999997,0.6055174759999999,0.0001,6.176278255199999e-05,0.9756003688435262,1,0.002307,16977.43444913082,556.5657845830121,5.704854183714215,15.316972062952594,0.0,-0.0008899542569925424,13.437505152908384
133,7,28,25.0437809,28.0,0.0001,57584.085795478495,7.4885236202510574,4.538852537239954,1.1720458299613694,1623.3582463,7341548.5112016825,2473831.492098139,588.3660374535774,101.5905454079381,126341.40039007193,0,689.9565828615155,184619.98162094917,9999999.98492077,0.01846199818993419,6.490647363755459,0.01846199818993419,11.043780900000002,11.043780900000002,10000000,0.173,0.0019151947560544947,3,0.01,10,0.33999999999999997,0.6064975279999999,0.0001,6.186274785599999e-05,0.9754695922902852,1,0.002307,16936.952515342284,561.715246933242,5.75840857954785,30.236698832648834,13.191905858164763,0.00045388525372399544,13.474924868790193
134,7,28,25.0805064,28.0,0.0001,58122.99784085771,7.506957206644065,4.821417662611661,1.1905078281513035,1634.4020272,7324036.370429733,2490768.4446134814,594.1244460331253,101.59099929319181,126371.63708890458,0,695.7154453263171,185195.1717927512,9999999.986835966,0.018519517203654277,6.538873481222708,0.018519517203654277,11.0805064,11.0805064,10000000,0.173,0.00166795988260522,3,0.01,10,0.33999999999999997,0.6035594879999999,0.0001,6.156306777599999e-05,0.9753376666105651,1,0.002307,16896.552006581394,566.8954909051307,5.812299784085771,14.927619856058405,13.201743078332877,0.0004821417662611661,13.489982552850135
135,7,28,25.043986,28.0,0.0001,58682.355155201025,7.488626314471222,5.109174995362658,1.2090273453549578,1645.4825336000001,7306559.4346176535,2507664.9966200627,599.9367458172111,101.59148143495807,126386.56470876063,0,701.5282272521691,185775.5572662092,9999999.988503926,0.018577555747977814,6.5872599720524025,0.018577555747977814,11.043986,11.043986,10000000,0.173,0.0014531437511762846,3,0.01,10,0.33999999999999997,0.60648112,0.0001,6.186107424e-05,0.9752045847566276,1,0.002307,16856.23271566293,572.2730179166876,5.8682355155201025,0.0,13.24510894094216,0.0005109174995362658,13.540142364689306
136,7,28,25.06467765,28.0,0.0001,59262.005046543134,7.499001184932577,5.403697501610268,1.2276049011029357,1656.5265196,7289117.390194853,2524521.229335726,605.8049813327312,101.59199235245761,126386.56470876063,0,707.3969736851889,186361.37042649055,9999999.98995707,0.018636137061365198,6.635486985152839,0.018636137061365198,11.06467765,11.06467765,10000000,0.173,0.0012664308332491242,3,0.01,10,0.33999999999999997,0.604825788,0.0001,6.169223037599999e-05,0.975070309689302,1,0.002307,16815.993919179527,577.846216135418,5.926200504654314,14.555302283983227,13.166822293601792,0.0005403697501610268,13.564862188772608
137,7,28,24.973248599999998,28.0,0.0001,59832.536582183515,7.453374120503517,5.801197027030923,1.246241038164301,1667.59119725,7271709.98646378,2541337.223254905,611.7311818373855,101.59253272220776,126401.12001104462,0,713.3237145595933,186952.78150481477,9999999.991223501,0.018695278166889387,6.6838043548034936,0.018695278166889387,10.973248599999998,10.973248599999998,10000000,0.173,0.0011040886154902237,3,0.01,10,0.33999999999999997,0.6133439250000002,0.0001,6.256108035000002e-05,0.9749348124026082,1,0.002307,16775.83503877194,583.3282282832328,5.983253658218352,14.500227888898522,13.217465129968751,0.0005801197027030924,13.649364416005048
138,7,28,24.8213074,28.0,0.0001,60408.5987940496,7.378764624299723,6.232516193364517,1.2649363163311904,1678.56444585,7254337.174936397,2558113.058293677,617.7144354956039,101.59311284191047,126415.62023893352,0,719.3075483375144,187549.759097514,9999999.992327588,0.018754975924140993,6.731722470960699,0.018754975924140993,10.821307399999998,10.821307399999998,10000000,0.173,0.0009628880486572339,3,0.01,10,0.33999999999999997,0.6323365750000002,0.0001,6.449833065000002e-05,0.9747980907584346,1,0.002307,16735.75596257827,588.8618676983183,6.04085987940496,14.332577095417282,13.303329047450136,0.0006232516193364517,13.798060744998269
139,7,28,25.061598500000002,28.0,0.0001,60990.39055382054,7.497455467373803,6.726624639293314,1.2836912922553314,1689.38575325,7236998.760008263,2574848.814256255,623.7552953750088,101.5937360935298,126429.95281602893,0,725.3490314685387,188152.41902595732,9999999.993290477,0.01881524191521986,6.778977088427948,0.01881524191521986,11.061598500000002,11.061598500000002,10000000,0.173,0.0008400329377633622,3,0.01,10,0.33999999999999997,0.6050721199999998,0.0001,6.171735623999997e-05,0.974660122805684,1,0.002307,16695.756239339065,594.4490154715336,6.099039055382055,14.183197810510544,26.80302359672774,0.0006726624639293313,13.66878216543739
140,0,0,0.0,0.0,0.0,61591.36035602291,0.0,-6.408289454460966,1.3025065341705513,1700.44735175,0.0,0.0,0.0,0.0,0.0,0,0.0,0.0,0.0,0.0,0.0,0.0,0.0,0.0,0,0.0,0.0,0,0.0,0,0.0,0.0,0.0,0.0,0.0,0,0.0,0.0,0.0,0.0,0.0,0.0,0.0,0.0
