,p_opt,ip_opt,Temp,ip,RRDD,I,p,L,AUDPC,GDUsum,H,HSEN,LeakI,LeakL,R,LAT,ResSpray,CumuLeak,DIS,TOTSITES,Sev,DVS8,RAUPC,GDU,RTinc,SITEmax,RRG,RG,Rc_W,RRLEX,inocp,RcOpt,RcT,RcA,Residual,RcFCur,FungEffcCur,EffRes,FungEffecRes,RcRes,Rc,COFR,Agg,RRSEN,RSEN,RLEX,RDI,REM,FlowRes,RT,RDL,RI
0,14,28,28.342955,28.0,0.0001,28.0,18.992342609651317,0.0,0.0,0.0,2500000.0,0.0,0.0,0.0,0.0,0,0.0,0.0,28.0,2500028.0,1.1199874561404913e-05,0.0,1.1199874561404913e-05,14.342955,14.342955,10000000,0.173,324373.78899999993,3,0.01,10,0.13999999999999999,0.27175538,1.0,0.0,1.0,1.0,1.0,1.0,1.0,0.11413725959999999,0.9999944,1,0.002307,5767.5001,0.279998432,0.000100004821661,0.999948211789,0.0,0.0,0.0,4.195825372077694
1,14,28,28.51549365,28.0,0.0001,27.279950215389338,19.160523065206284,4.195825372077694,1.1199874561404913e-05,14.342955,2818601.813076196,5767.5001,0.000100004821661,0.0,0.999948211789,0,0.0,0.000100004821661,32.47582380407769,2824401.789,1.1498301668891094e-05,0.0,1.1498301668891094e-05,14.51549365,14.51549365,10000000,0.173,349895.1664045547,3,0.01,10,0.13999999999999999,0.24345904140000002,1.0,1.0,1.0,1.0,1.0,1.0,1.0,0.102252797388,0.9999884781704629,1,0.002307,6502.514482766784,0.27279635900453175,0.002727995021538934,0.999948211789,0.0,4.195825372077694,0.0004195825372077694,2.7894190825474494
2,14,28,28.6987952,28.0,0.0001,30.745895739661023,19.342488575290044,2.7889995000102417,2.2698176230296007e-05,28.85844865,3161991.402782542,12270.014582766784,0.002827999843199934,0.0004195825372077694,1.999896423578,0,0.0,0.0032475823804077033,35.538039245629676,3174296.9554045545,1.1195562275647416e-05,0.0,1.1195562275647416e-05,14.6987952,14.6987952,10000000,0.173,373382.6881677634,3,0.01,10,0.13999999999999999,0.21339758720000013,1.0,1.0,1.0,1.0,1.0,1.0,1.0,0.08962698662400004,0.9999887609941627,1,0.002307,7294.714266219325,0.30745550186359333,0.0030745895739661025,0.999948211789,0.0,0.0,0.0002788999500010242,2.7556310153003496
3,14,28,28.380982099999997,28.0,0.0001,30.05032844016165,19.02915503906713,5.54435161536059,3.389373850594342e-05,43.55724385,3528076.3135975692,19564.72884898611,0.005902589417166036,0.0006984824872087935,2.999844635367,0,0.0,0.006601071904374829,38.601125762793615,3547679.6435723184,1.0880668392009714e-05,0.0,1.0880668392009714e-05,14.380982099999997,14.380982099999997,10000000,0.173,393822.02007852745,3,0.01,10,0.13999999999999999,0.2655189356000005,1.0,1.0,1.0,1.0,1.0,1.0,1.0,0.11151795295200019,0.999989058994195,1,0.002307,8139.272155469593,0.30049999659343746,0.003005032844016165,0.999948211789,0.0,0.0,0.000554435161536059,3.351114448218317
4,14,28,28.039410249999996,28.0,0.0001,29.34787519212207,18.703522190937935,8.894911628417372,4.477440689795313e-05,57.938225949999996,3913755.4099061824,27704.001004455702,0.008907622261182201,0.0012529176487448526,3.999792847156,0,0.0,0.010160539909927054,42.25274020760537,3941501.6636508456,1.0719960008457398e-05,0.0,1.0719960008457398e-05,14.039410249999996,14.039410249999996,10000000,0.173,410208.61506843806,3,0.01,10,0.13999999999999999,0.32153671900000064,1.0,1.0,1.0,1.0,1.0,1.0,1.0,0.13504542198000025,0.99998920415825,1,0.002307,9029.033830653561,0.29347558357105796,0.0029347875192122074,0.999948211789,0.0,0.0,0.0008894911628417372,3.9632534024180353
5,14,28,28.09629265,28.0,0.0001,28.638467776384918,18.756974606207386,12.857275539672566,5.549436690641053e-05,71.97763619999999,4314930.734414981,36733.03483510926,0.011842409780394409,0.0021424088115865898,4.999741058945,0,0.0,0.013984818591980998,46.50946919359446,4351710.278719284,1.0687629969539766e-05,0.0,1.0687629969539766e-05,14.096292649999999,14.096292649999999,10000000,0.173,421635.23523355497,3,0.01,10,0.13999999999999999,0.3122080054000002,1.0,1.0,1.0,1.0,1.0,1.0,1.0,0.13112736226800006,0.9999892213871442,1,0.002307,9954.54530429536,0.28638159093427973,0.002863846777638492,0.999948211789,0.0,0.0,0.0012857275539672566,3.75524626213255
6,14,28,28.17637495,28.0,0.0001,27.922037308752557,18.83274791526252,16.61123607425115,6.61819968759503e-05,86.07392884999999,4726607.3827163875,46687.58013940462,0.0147062565580329,0.0034281363655538463,5.999689270734001,0,0.0,0.018134392923586748,50.5510970466613,4773345.513952838,1.0590286602739471e-05,0.0,1.0590286602739471e-05,14.17637495,14.17637495,10000000,0.173,427385.1456753875,3,0.01,10,0.13999999999999999,0.29907450820000003,1.0,1.0,1.0,1.0,1.0,1.0,1.0,0.12561129344400002,0.9999893051078046,1,0.002307,10904.283331926705,0.2792173868557366,0.0027922037308752558,0.999948211789,0.0,0.0,0.001661123607425115,3.5072857115002805
7,14,28,28.0520724,28.0,0.0001,27.198514280088418,18.7153944419436,20.116860662144006,7.677228347868977e-05,100.25030379999998,5143084.45855675,57591.86347133132,0.017498460288908155,0.005089259972978962,6.999637482523001,0,0.0,0.022587720261887115,54.33760014501731,5200730.6596282255,1.0448070415725324e-05,0.0,1.0448070415725324e-05,14.0520724,14.0520724,10000000,0.173,427016.7227342658,3,0.01,10,0.13999999999999999,0.3194601264,1.0,1.0,1.0,1.0,1.0,1.0,1.0,0.134173253088,0.999989434934133,1,0.002307,11865.095945890422,0.2719822692599356,0.002719851428008842,0.999948211789,0.0,0.0,0.0020116860662144007,3.6492745848861903
8,14,28,28.1343805,28.0,0.0001,26.467828486131346,18.79293687938266,23.76412356096398,8.72203538944151e-05,114.30237619999998,5558232.164088272,69456.95941722175,0.020218311716916997,0.0071009460391933624,7.999585694312001,0,0.0,0.02731925775611036,58.25885699916344,5627747.382362492,1.035207393667815e-05,0.0,1.035207393667815e-05,14.134380499999999,14.134380499999999,10000000,0.173,420424.51572948444,3,0.01,10,0.13999999999999999,0.30596159800000017,1.0,1.0,1.0,1.0,1.0,1.0,1.0,0.12850387116000006,0.9999895185655001,1,0.002307,12822.841702551643,0.26467551065320716,0.0026467828486131345,0.999948211789,0.0,0.0,0.002376412356096398,3.4011827720186956
9,14,28,27.9769176,28.0,0.0001,25.72990900214694,18.630829644817208,27.16292992062658,9.757242783109325e-05,128.4367567,5965830.172256921,82279.80111977339,0.022865094565530132,0.009477358395289761,8.999533906101002,0,0.0,0.03234245296081989,61.92471528183534,6048171.8980919765,1.0238583877116787e-05,0.0,1.0238583877116787e-05,13.9769176,13.9769176,10000000,0.173,407863.68113868736,3,0.01,10,0.13999999999999999,0.33178551359999997,1.0,1.0,1.0,1.0,1.0,1.0,1.0,0.13934991571199998,0.9999896202086335,1,0.002307,13763.170307396716,0.25729641931059616,0.0025729909002146943,0.999948211789,0.0,0.0,0.002716292992062658,3.585423434393098
10,14,28,27.839000249999998,28.0,0.0001,24.984684218768322,18.419538245611754,30.745637062027615,0.00010781101170821003,142.4136743,6359926.840368358,96042.97142717011,0.025438085465744827,0.012193651387352419,9.999482117890002,0,0.0,0.037631736853097245,65.76743513553905,6456035.579230664,1.0186969128100165e-05,0.02364049912663754,1.0186969128100165e-05,13.839000249999998,13.839000249999998,10000000,0.173,389930.8318286322,3,0.01,10,0.13999999999999999,0.3544039590000003,1.0,1.0,1.0,1.0,1.0,1.0,1.0,0.1488496627800001,0.999989659196293,1,0.002307,14672.351320729802,0.24984425857053133,0.0024984684218768323,0.999948211789,0.0,0.0,0.003074563706202762,13.718923363574275
11,14,28,27.8440091,28.0,0.0001,24.232081797127975,18.427127976872704,44.46148586189569,0.0001179979808363102,156.25267455,6735171.352108639,110715.32274789992,0.02793655388762166,0.015268215093555181,10.999430329679003,0,0.0,0.04320476898117684,79.73620275768384,6845966.411059297,1.1647179955320001e-05,0.08407281462882094,1.1647179955320001e-05,13.844009100000001,13.844009100000001,10000000,0.173,367503.15042251744,3,0.01,10,0.13999999999999999,0.3535825075999998,1.0,1.0,1.0,1.0,1.0,1.0,1.0,0.1485046531919999,0.9999881613615124,1,0.002307,15538.04040931463,0.24231794922271777,0.0024232081797127976,0.999948211789,0.0,0.0,0.004446148586189569,13.598534301151634
12,14,28,27.95767385,28.0,0.0001,23.47202832638198,18.6010574045115,58.05557401446113,0.0001296451607916302,170.09668365,7087122.621269591,126253.36315721455,0.030359762067334456,0.01971436367974475,11.999378541468003,0,0.0,0.0500741257470792,93.5770550080582,7213469.561481814,1.2972544516959922e-05,0.1445270028384279,1.2972544516959922e-05,13.957673849999999,13.957673849999999,10000000,0.173,341648.75426823826,3,0.01,10,0.13999999999999999,0.33494148860000017,1.0,1.0,1.0,1.0,1.0,1.0,1.0,0.14067542521200005,0.9999867963594746,1,0.002307,16349.991987268946,0.23471718410157558,0.002347202832638198,0.999948211789,0.0,0.0,0.005805557401446114,13.301893967805245
13,14,28,27.493537349999997,28.0,0.0001,22.70445009586192,17.910739932526,71.35166242486493,0.00014261770530859014,184.05435749999998,7412407.846939408,142603.3551444835,0.03270696489997266,0.02551992108119086,12.999326753257003,0,0.0,0.05822688598116352,107.11366615996502,7555118.315750051,1.4177629215503699e-05,0.20547754366812218,1.4177629215503699e-05,13.493537349999997,13.493537349999997,10000000,0.173,313518.56113428867,3,0.01,10,0.13999999999999999,0.41051701200000024,1.0,1.0,1.0,1.0,1.0,1.0,1.0,0.17241714504000008,0.9999855496188906,1,0.002307,17100.425002889217,0.22704122007905156,0.002270445009586192,0.999948211789,0.0,0.0,0.007135166242486493,13.914579897242842
14,14,28,27.4706186,28.0,0.0001,21.929272659142384,17.877977599117546,85.25910715586528,0.00015679533452409386,197.54789484999998,7708811.84144969,159703.78014737272,0.034977409909558846,0.032655087323677355,13.999274965046004,0,0.0,0.0676324972332362,121.2552872772869,7868636.87688434,1.5409948276238038e-05,0.26440128755458503,1.5409948276238038e-05,13.470618600000002,13.470618600000002,10000000,0.173,284243.79697692516,3,0.01,10,0.13999999999999999,0.41235051199999984,1.0,1.0,1.0,1.0,1.0,1.0,1.0,0.17318721503999993,0.9999842708081967,1,0.002307,17784.229018224436,0.21928927729406622,0.0021929272659142384,0.999948211789,0.0,0.0,0.008525910715586529,13.797809922269362
15,14,28,27.644565449999998,28.0,0.0001,21.146420797381538,18.12967395792647,99.04839116741906,0.0001722052828003319,211.01851344999997,7975257.392309192,177488.00916559715,0.037170337175473085,0.04118099803926388,14.999223176835004,0,0.0,0.07835133521473697,135.27238647685033,8152880.673861265,1.659197428346321e-05,0.32322494956331865,1.659197428346321e-05,13.644565449999998,13.644565449999998,10000000,0.173,254850.6606425866,3,0.01,10,0.13999999999999999,0.38629126620000026,1.0,1.0,1.0,1.0,1.0,1.0,1.0,0.16224233180400008,0.9999830387803881,1,0.002307,18398.918904057307,0.21146062128294388,0.002114642079738154,0.999948211789,0.0,0.0,0.009904839116741906,13.430786428166739
16,14,28,27.543732650000003,28.0,0.0001,20.355818564795744,17.982915243064372,112.46927275646905,0.0001887972570837951,224.66307889999996,8211695.491800671,195886.92806965444,0.03928497925521124,0.05108583715600579,15.999171388624005,0,0.0,0.09037081641121703,148.9146335263,8407731.334503852,1.7711630831396875e-05,0.38280820480349326,1.7711630831396875e-05,13.543732650000003,13.543732650000003,10000000,0.173,226201.39980389032,3,0.01,10,0.13999999999999999,0.40282784539999955,1.0,1.0,1.0,1.0,1.0,1.0,1.0,0.1691876950679998,0.9999818658724939,1,0.002307,18944.38159958415,0.20355449429786399,0.0020355818564795746,0.999948211789,0.0,0.0,0.011246927275646907,13.443891571098792
17,14,28,27.33549505,28.0,0.0001,19.55738926544813,17.687229061409145,125.9019174002922,0.00020650888791519197,238.20681154999997,8418938.862558912,214831.3096692386,0.041320561111690815,0.06233276443165269,16.999119600413003,0,0.0,0.1036533255433435,162.5620795916967,8633932.734307744,1.8828277286171224e-05,0.44195114213973785,1.8828277286171224e-05,13.335495049999999,13.335495049999999,10000000,0.173,198964.47650170606,3,0.01,10,0.13999999999999999,0.4231603960000001,1.0,1.0,1.0,1.0,1.0,1.0,1.0,0.17772736632000002,0.9999806912791054,1,0.002307,19422.492055923412,0.19557011637277377,0.001955738926544813,0.999948211789,0.0,0.0,0.01259019174002922,13.475816171382899
18,14,28,27.71422815,28.0,0.0001,18.75105543110536,18.23247271192001,139.36514337993506,0.00022533716520136318,251.54230659999996,8598467.175618408,234253.80172516202,0.04327630003823563,0.07492295617168192,17.999067812202004,0,0.0,0.11819925620991754,176.23346587945235,8832897.21080945,1.995194347600726e-05,0.5001847449781658,1.995194347600726e-05,13.71422815,13.71422815,10000000,0.173,173610.603905298,3,0.01,10,0.13999999999999999,0.37486658339999995,1.0,1.0,1.0,1.0,1.0,1.0,1.0,0.15744396502799995,0.9999795045035019,1,0.002307,19836.66387415167,0.18750671118914436,0.001875105543110536,0.999948211789,0.0,0.0,0.013936514337993507,12.952180007897894
19,14,28,28.24162705,28.0,0.0001,17.936738824962394,18.89494313514987,152.30338687349496,0.0002452891086773704,265.25653474999996,8752227.975962836,254090.4655993137,0.045151405581346164,0.08885947050967542,18.999016023991004,0,0.0,0.13401087609102158,189.37315259853938,9006507.814714748,2.102625751227832e-05,0.5600722041484714,2.102625751227832e-05,14.241627050000002,14.241627050000002,10000000,0.173,150428.1726946048,3,0.01,10,0.13999999999999999,0.2883731637999997,1.0,1.0,1.0,1.0,1.0,1.0,1.0,0.12111672879599988,0.999978363331518,1,0.002307,20191.390040546266,0.17936350733690792,0.0017936738824962395,0.999948211789,0.0,0.0,0.015230338687349496,12.172392127402361
20,14,28,28.099968150000002,28.0,0.0001,17.114360446627806,18.760438985595563,164.46054866220996,0.00026631536618964874,279.49816179999993,8882452.40686126,274281.85563986,0.0469450794638424,0.10408980919702492,19.998964235780004,0,0.0,0.1510348886608673,201.72490823327863,9156935.987409353,2.202973882428001e-05,0.6222627152838425,2.202973882428001e-05,14.099968150000002,14.099968150000002,10000000,0.173,129550.63424248844,3,0.01,10,0.13999999999999999,0.31160522339999963,1.0,1.0,1.0,1.0,1.0,1.0,1.0,0.13087419382799984,0.9999772900188119,1,0.002307,20491.817802628928,0.17113971779824017,0.0017114360446627806,0.999948211789,0.0,2.7894190825474494,0.016446054866220996,12.239777259879608
21,14,28,27.83886265,28.0,0.0001,19.07325959913983,18.419329833487982,173.89446078467589,0.0002883451050139287,293.59812994999993,8991498.812384142,294773.6734424889,0.04865651550850518,0.12053586406324591,20.998912447569005,0,0.0,0.1691923795717511,214.13582521095648,9286486.621651841,2.3058863263926924e-05,0.6838346286026198,2.3058863263926924e-05,13.83886265,13.83886265,10000000,0.173,110989.09620685155,3,0.01,10,0.13999999999999999,0.3544265254000001,1.0,1.0,1.0,1.0,1.0,1.0,1.0,0.14885914066800002,0.9999761852022585,1,0.002307,20743.387860170216,0.1907280537332021,0.0019073259599139832,0.999948211789,0.0,2.7556310153003496,0.01738944607846759,12.83916141800046
22,14,28,27.3167306,28.0,0.0001,21.01776313042447,17.661061429476536,183.96060174129752,0.00031140396827785565,307.43699259999994,9081731.490841351,315517.0613026591,0.05056384146841916,0.1379253101417135,21.998860659358005,0,0.0,0.18848915161013266,227.16571468269012,9397475.717858693,2.4173056840252422e-05,0.7442663432314407,2.4173056840252422e-05,13.3167306,13.3167306,10000000,0.173,94664.97282516363,3,0.01,10,0.13999999999999999,0.424661552,1.0,1.0,1.0,1.0,1.0,1.0,1.0,0.17835785183999997,0.9999749871450341,1,0.002307,20951.554649371,0.2101723741616358,0.002101776313042447,0.999948211789,0.0,3.351114448218317,0.018396060174129755,13.748589317158208
23,14,28,27.242058150000002,28.0,0.0001,23.57699996470238,17.557690937429694,194.3396805500633,0.0003355770251181081,320.75372319999997,9155430.950255454,336468.6159520301,0.05266561778146161,0.15632137031584326,22.998808871147006,0,0.0,0.20898698809730487,241.12447637401,9492140.690683857,2.5402539240770385e-05,0.8024180052401745,2.5402539240770385e-05,13.242058150000002,13.242058150000002,10000000,0.173,80439.30551276889,3,0.01,10,0.13999999999999999,0.4306353479999998,1.0,1.0,1.0,1.0,1.0,1.0,1.0,0.1808668461599999,0.9999736639239145,1,0.002307,21121.579302239334,0.23576379039037443,0.0023576999964702383,0.999948211789,0.0,3.9632534024180353,0.01943396805500633,14.264185320663431
24,14,28,26.816205000000004,28.0,0.0001,26.77371124572532,16.990555450839462,204.62117850025368,0.00036097956435887846,333.99578134999996,9214734.176516872,357590.19525426946,0.055023317777931846,0.17575533837084958,23.998757082936006,0,0.0,0.23077865614878143,255.6244254850638,9572579.996196628,2.6703817109559632e-05,0.8602435866812225,2.6703817109559632e-05,12.816205000000004,12.816205000000004,10000000,0.173,68137.11770018862,3,0.01,10,0.13999999999999999,0.46470359999999966,1.0,1.0,1.0,1.0,1.0,1.0,1.0,0.19517551199999983,0.9999722599339764,1,0.002307,21258.391845224425,0.26772968541207665,0.002677371124572532,0.999948211789,0.0,3.75524626213255,0.020462117850025368,15.225427842790095
25,14,28,27.57499265,28.0,0.0001,29.794061610356373,18.028158349540128,216.07089796306119,0.0003876833814684381,346.81198635,9261597.409214308,378848.5870994939,0.05770068890250438,0.19621745622087494,24.998705294725006,0,0.0,0.2539181451233793,271.11758301326597,9640717.113896817,2.812213861378193e-05,0.9162095473799126,2.812213861378193e-05,13.574992649999999,13.574992649999999,10000000,0.173,57566.32863497318,3,0.01,10,0.13999999999999999,0.3977012054000002,1.0,1.0,1.0,1.0,1.0,1.0,1.0,0.16703450626800007,0.9999707275500371,1,0.002307,21366.505323057412,0.297931894651787,0.0029794061610356375,0.999948211789,0.0,3.5072857115002805,0.02160708979630612,14.976490692465104
26,14,28,27.43688535,28.0,0.0001,32.59635159855841,17.829973397560295,227.5184958542297,0.00041580552008222,360.386979,9297781.958103636,400215.0924225513,0.06068009506354002,0.21782454601718107,25.998653506514007,0,0.0,0.2785046410807211,286.39200560038284,9698283.442531787,2.9530174829126125e-05,0.9754889912663754,2.9530174829126125e-05,13.43688535,13.43688535,10000000,0.173,48531.59942566133,3,0.01,10,0.13999999999999999,0.4150491719999999,1.0,1.0,1.0,1.0,1.0,1.0,1.0,0.17432065223999996,0.9999691987631392,1,0.002307,21449.98307734509,0.3259534759061202,0.0032596351598558407,0.999948211789,0.0,3.6492745848861903,0.02275184958542297,15.682042251985
27,14,28,27.617430900000002,28.0,0.0001,35.568371812401864,18.089945486353074,239.5285116717431,0.0004453356949113461,373.82386435,9324847.566456225,421665.07549989637,0.06393973022339586,0.24057639560260405,26.998601718303007,0,0.0,0.3045161258259999,302.40000132827396,9746815.04195745,3.10255196211811e-05,1.0341653465065503,3.10255196211811e-05,13.617430900000002,13.617430900000002,10000000,0.173,40843.76271968869,3,0.01,10,0.13999999999999999,0.39074133239999964,1.0,1.0,1.0,1.0,1.0,1.0,1.0,0.16411135960799983,0.9999675715669543,1,0.002307,21512.42343581451,0.35567218385838,0.0035568371812401867,0.999948211789,0.0,3.4011827720186956,0.02395285116717431,15.836984566774523
28,14,28,26.8520819,28.0,0.0001,38.3217217193087,17.036917806781897,251.94036061533177,0.00047636121453252723,387.44129525,9344162.71308335,443177.4989357109,0.06749656740463604,0.26452924676977835,27.998549930092008,0,0.0,0.3320258141744144,318.5926580789069,9787658.804677138,3.255044586624372e-05,1.0936301102620087,3.255044586624372e-05,12.852081900000002,12.852081900000002,10000000,0.173,34325.80676032256,3,0.01,10,0.13999999999999999,0.4618334479999998,1.0,1.0,1.0,1.0,1.0,1.0,1.0,0.1939700481599999,0.9999659057953401,1,0.002307,21556.983479083287,0.3832041517068548,0.00383217217193087,0.0,0.0,17.304346797967373,0.025194036061533177,17.433012776169054
29,14,28,26.6140384,28.0,0.0001,56.005440496811,16.73394909484874,252.04383255747192,0.000508911660398771,400.29337714999997,9356913.72014766,464734.48241479415,0.07132873957656691,0.28972328283131155,27.998549930092008,0,0.0,0.3610520224078785,336.4088750067828,9821984.611437462,3.4250600903512197e-05,1.149752738646288,3.4250600903512197e-05,12.614038399999998,12.614038399999998,10000000,0.173,28816.171127341346,3,0.01,10,0.13999999999999999,0.48087692800000015,1.0,1.0,0.5,0.5,0.5,0.5,0.5,0.050492077440000005,0.999964048318644,1,0.002307,21586.400052380654,0.5600342700706006,0.0056005440496811,4.195825372077694,0.0,13.598534301151634,0.02520438325574719,12.827729373345864
30,14,28,27.192010600000003,28.0,0.0001,65.96258315190586,17.489083805768924,251.2478232464104,0.0005431622613022831,412.90741555,9364130.103458976,486320.8824671748,0.07692928362624801,0.31492766608705874,32.1943753021697,0,0.0,0.39185694971330676,349.79663865019927,9850800.782564802,3.5509462263140454e-05,1.2048358757641922,3.5509462263140454e-05,13.192010600000003,13.192010600000003,10000000,0.173,24170.191282775955,3,0.01,10,0.13999999999999999,0.4346391519999997,1.0,1.0,0.5,0.5,0.5,0.5,0.5,0.04563711095999996,0.9999626464424739,1,0.002307,21603.04824867986,0.6596011921476153,0.006596258315190586,0.0,9.12184802,0.0,0.02512478232464104,13.010229279538898
31,14,28,26.504823000000002,28.0,0.0001,66.61558808573828,16.598522568470205,264.23292774362466,0.0005786717235654236,426.09942615,9366683.5766626,507923.9307158546,0.0835255419414386,0.3400524484116998,32.1943753021697,0,9.12184802,0.42357799035313837,363.4664691218858,9874970.973847577,3.680683923876574e-05,1.262442908951965,3.680683923876574e-05,12.504823000000002,12.504823000000002,10000000,0.173,20260.156737516616,3,0.01,10,0.13999999999999999,0.48961415999999985,1.0,0.5526891188,0.5,0.5,0.5,0.2763445594,0.2763445594,0.028413463957452218,0.9999611973263881,1,0.002307,21608.939111360618,0.6661300322281634,0.006661558808573828,0.0,10.5679892,27.216473865048087,0.026423292774362468,11.892706166169141
32,14,28,26.698622399999998,28.0,0.0001,94.49153042420596,16.840360956296735,248.88273675197135,0.0006154785628041894,438.60424915,9365322.235452557,529532.8698272152,0.09018710075001243,0.36647574118606224,32.1943753021697,0,19.68983722,0.45666284193607465,376.0253053202831,9895231.130585091,3.800065914155653e-05,1.3170491229257641,3.800065914155653e-05,12.698622399999998,12.698622399999998,10000000,0.173,16974.66004604375,3,0.01,10,0.13999999999999999,0.47411020800000014,1.0,0.01550813899999992,0.5,0.5,0.5,0.00775406949999996,0.00775406949999996,0.000772019535733202,0.999959850798643,1,0.002307,21605.79849718905,0.9448773666472443,0.009449153042420597,0.0,14.3966371,13.797809922269362,0.024888273675197137,10.072946378592382
33,14,28,26.933559499999998,28.0,0.0001,109.22476856008015,17.14315386810968,245.13298493461917,0.0006534792219457458,451.30287154999996,9360680.079177666,551138.6683244043,0.09963625379243303,0.3913640148612594,32.1943753021697,0,34.08647432,0.4910002686536924,387.04312906552275,9912205.790631136,3.9047124044917425e-05,1.3725016224890827,3.9047124044917425e-05,12.933559499999998,12.933559499999998,10000000,0.173,14217.37366601868,3,0.01,10,0.13999999999999999,0.4553152400000002,1.0,0.0,0.5,0.5,0.5,0.0,0.0,0.0,0.9999586539521608,1,0.002307,21595.08904266288,1.0922025254757404,0.010922476856008015,0.0,14.6721724,13.430786428166739,0.02451329849346192,10.0
34,14,28,27.0007897,28.0,0.0001,123.73683503686662,17.23181599731485,241.67768520795897,0.0006925263459906633,464.23643104999996,9353291.271598497,572733.7573670672,0.11055873064844104,0.4158773133547213,32.1943753021697,0,48.75864672,0.5264360440031624,398.1353315909985,9926423.164297156,4.0108639839473196e-05,1.4289800482532748,4.0108639839473196e-05,13.000789699999999,13.000789699999999,10000000,0.173,11905.610450462636,3,0.01,10,0.13999999999999999,0.4499368240000001,1.0,0.0,0.5,0.5,0.5,0.0,0.0,0.0,0.999957435476605,1,0.002307,21578.043063577734,1.2373156823745688,0.012373683503686663,0.0,10.641365,13.443891571098792,0.0241677685207959,10.0
35,14,28,27.06698435,28.0,0.0001,138.4056686068363,17.320013062846634,238.20962586833937,0.0007326349858301365,477.23722074999995,9343607.6016697,594311.8004306449,0.1229324141521277,0.44004508187551716,32.1943753021697,0,59.40001172,0.5629774960276449,409.372647273373,9938328.77474762,4.119129649982513e-05,1.4857520556768558,4.119129649982513e-05,13.066984349999998,13.066984349999998,10000000,0.173,9968.808912953065,3,0.01,10,0.13999999999999999,0.4446412520000001,1.0,0.0,0.5,0.5,0.5,0.0,0.0,0.0,0.9999561887945625,1,0.002307,21555.702837052002,1.3839960488765524,0.013840566860683629,0.0,13.0229806,13.475816171382899,0.023820962586833937,10.0
36,14,28,26.9992459,28.0,0.0001,153.25164026023506,17.229769771585786,234.70998873436963,0.0007738262823299616,490.30420509999993,9332009.323749553,615867.503267697,0.13677298101281132,0.4638660444623511,32.1943753021697,0,72.42299232,0.6006390254751623,420.7566433222496,9948297.58366057,4.229433627049063e-05,1.542813122707423,4.229433627049063e-05,12.999245899999998,12.999245899999998,10000000,0.173,8347.032562180773,3,0.01,10,0.13999999999999999,0.4500603280000001,1.0,0.0,0.5,0.5,0.5,0.0,0.0,0.0,0.9999549145678353,1,0.002307,21528.945609890223,1.53244730843804,0.015325164026023507,0.0,9.35726947,12.952180007897894,0.023470998873436965,10.0
37,14,28,27.2138453,28.0,0.0001,167.72094241254499,17.51894961821477,231.7343377275983,0.0008161206186004523,503.30345099999994,9318815.878254535,637396.4488775872,0.15209814503883484,0.48733704333578803,32.1943753021697,0,81.78026179000001,0.6394351883746229,432.2890906306876,9956644.616222754,4.341714576478324e-05,1.5995783886462878,4.341714576478324e-05,13.2138453,13.2138453,10000000,0.173,6989.560510396092,3,0.01,10,0.13999999999999999,0.4328923760000001,1.0,0.0,1.0,1.0,1.0,0.0,0.0,0.0,0.9999536133084056,1,0.002307,21498.508331133213,1.6771316239291536,0.0167720942412545,0.0,0.0,0.0,0.023173433772759832,10.0
38,14,28,27.043849,28.0,0.0001,169.38130194223288,17.289085315538543,241.71116429382553,0.0008595377643652354,516.5172962999999,9304295.253302174,658894.9572087204,0.16887023928008935,0.5105104771085479,32.1943753021697,0,81.78026179000001,0.6793807163886373,443.96622225461675,9963634.17673315,4.45586634735503e-05,1.657280769868995,4.45586634735503e-05,13.043849000000002,13.043849000000002,10000000,0.173,5853.59957271239,3,0.01,10,0.13999999999999999,0.44649207999999985,1.0,0.0,1.0,1.0,1.0,0.0,0.0,0.0,0.9999522860112702,1,0.002307,21465.009249368115,1.6937322008470097,0.01693813019422329,0.0,0.0,12.172392127402361,0.024171116429382553,10.0
39,14,28,26.765741050000003,28.0,0.0001,183.23048814028803,16.925768253914967,239.5146010499938,0.0009040964278387857,529.5611452999999,9288672.149893317,680359.9664580885,0.18580836947431265,0.5346815935379304,32.1943753021697,0,81.78026179000001,0.7204899630122431,455.6599544554638,9969487.77630586,4.570545294597935e-05,1.7142408091703052,4.570545294597935e-05,12.765741050000003,12.765741050000003,10000000,0.173,4903.132134541997,3,0.01,10,0.13999999999999999,0.4687407159999998,1.0,0.0,1.0,1.0,1.0,0.0,0.0,0.0,0.9999509469603839,1,0.002307,21428.966749803883,1.8322150012789442,0.018323048814028804,0.0,0.0,25.078938677880068,0.023951460104999378,10.0
40,14,28,26.81142345,28.0,0.0001,210.123318770633,16.984395484287496,224.41171091200872,0.0009498018807847651,542.3268863499999,9272134.483063053,701788.9332078923,0.20413141828834144,0.5586330536429298,32.1943753021697,0,81.78026179000001,0.7627644719312713,467.49216945674266,9974390.908440402,4.6869244823876654e-05,1.7699864032751087,4.6869244823876654e-05,12.81142345,12.81142345,10000000,0.173,4107.901278083339,3,0.01,10,0.13999999999999999,0.46508612400000005,1.0,0.0,1.0,1.0,1.0,0.0,0.0,0.0,0.9999495834965519,1,0.002307,21390.814352426467,2.101127250876077,0.021012331877063303,0.0,0.0,13.748589317158208,0.022441171091200873,10.0
41,14,28,26.854903999999998,28.0,0.0001,225.95202300679023,17.040575435888787,220.6406804237593,0.0009966711256086417,555.1383097999999,9254839.468861459,723179.7475603188,0.22514375016540475,0.5810742247341307,32.1943753021697,0,81.78026179000001,0.8062179748995355,479.5932967076188,9978498.809718486,4.806267013235722e-05,1.8259314838427942,4.806267013235722e-05,12.854903999999998,12.854903999999998,10000000,0.173,3442.528114896062,3,0.01,10,0.13999999999999999,0.4616076800000002,1.0,0.0,1.0,1.0,1.0,0.0,0.0,0.0,0.9999481818732032,1,0.002307,21350.914754663387,2.259403145962121,0.022595202300679025,0.0,0.0,29.489613163453527,0.022064068042375932,10.0
42,14,28,27.038023250000002,28.0,0.0001,257.6784441139052,17.28131475008239,201.1290031922634,0.0010447337957409989,567.9932137999999,9236918.822818546,744530.6623149822,0.24773895246608377,0.6031382927765067,32.1943753021697,0,81.78026179000001,0.8508772452425905,491.85269985358093,9981941.337833382,4.927425269364881e-05,1.88206643580786,4.927425269364881e-05,13.038023250000002,13.038023250000002,10000000,0.173,2885.7506591343426,3,0.01,10,0.13999999999999999,0.44695813999999984,1.0,0.0,1.0,1.0,1.0,0.0,0.0,0.0,0.99994675426728,1,0.002307,21309.571824242386,2.576647238363422,0.02576784441139052,0.0,0.0,0.0,0.020112900319226343,10.0
43,14,28,26.9184365,28.0,0.0001,260.2293235078572,17.123335448396514,211.1088902919442,0.0010940080484346476,581.03123705,9218482.4250062,765840.2341392245,0.2735067968774743,0.623251193095733,32.1943753021697,0,81.78026179000001,0.8967579899732072,504.4293470919443,9984827.088492516,5.05195876324486e-05,1.9390010351528382,5.05195876324486e-05,12.918436499999999,12.918436499999999,10000000,0.173,2419.772072574923,3,0.01,10,0.13999999999999999,0.45652508000000014,1.0,0.0,1.0,1.0,1.0,0.0,0.0,0.0,0.999945283646125,1,0.002307,21267.039054489305,2.602150847081035,0.026022932350785722,0.0,0.0,14.976490692465104,0.021110889029194422,10.0
44,14,28,26.5470344,28.0,0.0001,277.7819421150526,16.650603789546597,206.11128871044988,0.0011445276360670961,593.9496735499999,9199622.555873439,787107.2731937139,0.29952972922826004,0.6443620821249274,32.1943753021697,0,81.78026179000001,0.9438918113531874,517.0314979390254,9987246.86056509,5.176917174046613e-05,1.9954134216157202,5.176917174046613e-05,12.547034400000001,12.547034400000001,10000000,0.173,2029.7063972220647,3,0.01,10,0.13999999999999999,0.4862372479999999,1.0,0.0,1.0,1.0,1.0,0.0,0.0,0.0,0.9999438017768069,1,0.002307,21223.529336400024,2.7776633126347057,0.02777819421150526,0.0,0.0,15.682042251985,0.02061112887104499,10.0
45,14,28,26.5633343,28.0,0.0001,296.21386948546075,16.67080248934079,200.40863532959384,0.0011962968078075623,606.49670795,9180415.955270948,808330.8025301138,0.3273079234397653,0.6649732109959724,32.1943753021697,0,81.78026179000001,0.9922811344357376,529.80916125166,9989276.566962313,5.303779084502535e-05,2.0502039648471615,5.303779084502535e-05,12.563334300000001,12.563334300000001,10000000,0.173,1703.108460552194,3,0.01,10,0.13999999999999999,0.4849332559999999,0.9548164316375547,0.0,1.0,1.0,1.0,0.0,0.0,0.0,0.999942292529022,1,0.002307,21179.219708810077,2.9619677573218413,0.029621386948546075,0.0,0.0,33.269997342943576,0.020040863532959384,10.0
46,14,28,25.964823250000002,28.0,0.0001,332.4162131987776,15.959898759379715,177.1185971231173,0.0012493345986525877,619.0600422499999,9160926.882054932,829510.0222389239,0.3569293103883113,0.6850140745289318,32.1943753021697,0,81.78026179000001,1.0419433849172433,542.7711290089819,9990979.675422864,5.432611682157279e-05,2.1050656866812223,5.432611682157279e-05,11.964823250000002,11.964823250000002,10000000,0.173,1429.5774365313234,3,0.01,10,0.13999999999999999,0.5328141399999998,0.9054408819869,0.0,1.0,1.0,1.0,0.0,0.0,0.0,0.9999407550153462,1,0.002307,21134.25841690073,3.32396519205328,0.03324162131987776,0.0,0.0,12.827729373345864,0.01771185971231173,10.0
47,14,28,26.3366823,28.0,0.0001,348.53466614285685,16.394261256180847,174.27315589005912,0.0013036607154741605,631.0248654999999,9141208.877109371,850644.2806558247,0.39017093170818906,0.7027259342412435,32.1943753021697,0,81.78026179000001,1.0928968659494327,556.0950942010352,9992409.252859397,5.565175325879539e-05,2.1573138231441042,5.565175325879539e-05,12.3366823,12.3366823,10000000,0.173,1200.4228690184666,3,0.01,10,0.13999999999999999,0.503065416,0.8584175591703062,0.0,1.0,1.0,1.0,0.0,0.0,0.0,0.9999391698325333,1,0.002307,21088.76897949132,3.4851346472074742,0.034853466614285684,0.0,0.0,13.010229279538898,0.017427315589005912,10.0
48,14,28,26.0402145,28.0,0.0001,364.9951766029889,16.0460918256946,171.24549929493122,0.001359312468732956,643.3615477999999,9121307.04586425,871733.049635316,0.42502439832247474,0.7201532498302494,32.1943753021697,0,81.78026179000001,1.1451776481527243,569.5802288482425,9993609.675728414,5.699444418282496e-05,2.2111857982532745,5.699444418282496e-05,12.040214500000001,12.040214500000001,10000000,0.173,1008.3842996052554,3,0.01,10,0.13999999999999999,0.5267828399999999,0.809932781572053,0.0,1.0,1.0,1.0,0.0,0.0,0.0,0.9999375588760739,1,0.002307,21042.85545480883,3.6497238589393426,0.036499517660298894,2.7894190825474494,0.0,11.892706166169141,0.017124549929493124,10.0
49,14,28,26.28369525,28.0,0.0001,377.71168802788964,16.33092907184058,169.33566857883258,0.001416306912915781,655.4017623,9101258.924985187,892775.9050901248,0.46152391598277365,0.7372777997597425,34.98379438471715,0,81.78026179000001,1.1988017157425161,583.2299527071818,9994618.06002802,5.835440125918596e-05,2.2637631541484713,5.835440125918596e-05,12.283695250000001,12.283695250000001,10000000,0.173,847.39602522433,3,0.01,10,0.13999999999999999,0.5073043799999999,0.7626131612663758,0.0,1.0,1.0,1.0,0.0,0.0,0.0,0.9999359217680576,1,0.002307,20996.604439940827,3.7768748493073683,0.03777116880278897,2.7556310153003496,0.0,10.072946378592382,0.016933566857883258,10.0
50,14,28,26.65550575,28.0,0.0001,388.76810707168625,16.785949006647442,169.24578863338232,0.0014746613141749668,667.68545755,9081095.93969562,913772.5095300656,0.4992950847855626,0.7542113666176258,37.7394254000175,0,81.78026179000001,1.2535064514031884,597.0068275564893,9995465.456053242,5.9727766573886026e-05,2.3174037447598255,5.9727766573886026e-05,12.65550575,12.65550575,10000000,0.173,712.3902751826835,3,0.01,10,0.13999999999999999,0.47755954,0.7143366297161571,0.0,1.0,1.0,1.0,0.0,0.0,0.0,0.9999342626059842,1,0.002307,20950.088432877797,3.887425504694509,0.03887681070716863,3.351114448218317,0.0,10.0,0.016924578863338233,10.0
51,14,28,26.42546825,28.0,0.0001,399.26554131745525,16.501490005355066,169.228864054519,0.0015343890807488529,680.3409633,9060844.35411242,934722.5979629434,0.5381718954927313,0.771135945480964,41.09053984823582,0,81.78026179000001,1.3093078409736951,610.8942530611838,9996177.846328426,6.111278355112139e-05,2.3726679620087334,6.111278355112139e-05,12.425468250000002,12.425468250000002,10000000,0.173,599.1325536204764,3,0.01,10,0.13999999999999999,0.49596253999999984,0.6645988341921398,0.0,1.0,1.0,1.0,0.0,0.0,0.0,0.9999325832069665,1,0.002307,20903.368024937354,3.9923862411509083,0.03992655413174553,3.9632534024180353,0.0,10.0,0.0169228864054519,10.0
52,14,28,26.5646841,28.0,0.0001,409.2547476020564,16.672477347555336,169.21194116811355,0.0015955018642999743,692.76643155,9040526.126254862,955625.9659878807,0.5780984496244768,0.7880588318864159,45.053793250653854,0,81.78026179000001,1.3661572815108927,624.8866393023347,9996776.978882046,6.25088106519124e-05,2.426927648689956,6.25088106519124e-05,12.564684100000001,12.564684100000001,10000000,0.173,504.0840545663876,3,0.01,10,0.13999999999999999,0.4848252719999999,0.6157651161790396,0.0,1.0,1.0,1.0,0.0,0.0,0.0,0.9999308841718924,1,0.002307,20856.493873269967,4.092264616212689,0.040925474760205645,3.75524626213255,0.0,10.0,0.016921194116811356,10.0
53,14,28,26.4904117,28.0,0.0001,419.5508404813763,16.580816160030576,169.19501997399675,0.0016580106749518866,705.33111565,9020159.624171542,976482.4598611507,0.6190239243846825,0.8049800260032273,48.809039512786406,0,81.78026179000001,1.4240039503879096,638.9789039185473,9997281.062936611,6.391526855111273e-05,2.4817952648471615,6.391526855111273e-05,12.4904117,12.4904117,10000000,0.173,424.28676133323074,3,0.01,10,0.13999999999999999,0.49076706400000003,0.5663842616375546,0.0,1.0,1.0,1.0,0.0,0.0,0.0,0.9999291660381708,1,0.002307,20809.50835296375,4.195211220331562,0.041955084048137636,3.5072857115002805,0.0,10.0,0.016919501997399677,10.0
54,14,28,26.338974450000002,28.0,0.0001,430.1968109061595,16.397012009102056,169.17810047199936,0.0017219259435029993,717.82152735,8999760.20736869,997291.9682141144,0.6609790084328201,0.8218995280006269,52.316325224286686,0,81.78026179000001,1.482878536433447,653.174115138879,9997705.349697944,6.53324030157193e-05,2.5363385473799127,6.53324030157193e-05,12.338974450000002,12.338974450000002,10000000,0.173,357.26753287407337,3,0.01,10,0.13999999999999999,0.5028820439999998,0.5172953073580786,0.0,1.0,1.0,1.0,0.0,0.0,0.0,0.9999274284316226,1,0.002307,20762.446898399572,4.301655908488811,0.04301968109061595,3.6492745848861903,0.0,0.0,0.016917810047199937,10.0
55,14,28,26.3005318,28.0,0.0001,430.8061725486715,16.350999668731667,179.16118266195215,0.0017872583465187186,730.1605018,8979340.726347256,1018054.415112514,0.703998689523436,0.8388173380478269,55.96559980917288,0,81.78026179000001,1.5428160275712628,667.4757710473677,9998062.617230818,6.676051117113726e-05,2.5902205318777294,6.676051117113726e-05,12.300531800000002,12.300531800000002,10000000,0.173,300.95806603192176,3,0.01,10,0.13999999999999999,0.5059574559999999,0.4688015213100435,0.0,1.0,1.0,1.0,0.0,0.0,0.0,0.9999256709174397,1,0.002307,20715.339155683123,4.307741511211047,0.04308061725486715,3.4011827720186956,0.0,20.0,0.017916118266195217,10.0
56,14,28,26.010872749999997,28.0,0.0001,451.669650670609,16.01243565784277,169.14326654368597,0.0018540188576898558,742.4610336000001,8958912.037516095,1038769.7542681972,0.7470793067783031,0.8567334563140221,59.36678258119157,0,81.78026179000001,1.6038127630923253,681.7835125585789,9998363.57529685,6.81895099557166e-05,2.643934644541485,6.81895099557166e-05,12.010872749999997,12.010872749999997,10000000,0.173,253.6281200074149,3,0.01,10,0.13999999999999999,0.5291301800000002,0.42045881991266365,0.0,1.0,1.0,1.0,0.0,0.0,0.0,0.9999239046405253,1,0.002307,20668.21017054963,4.516352807061774,0.0451669650670609,17.304346797967373,0.0,10.0,0.016914326654368598,10.0
57,14,28,26.10375655,28.0,0.0001,448.8364897146363,16.119464285867846,169.1263522170316,0.0019222083676455723,754.47190635,8938482.939112745,1059437.964438747,0.792246271845364,0.8736477829683907,76.67112937915894,0,81.78026179000001,1.6658940548137546,696.2998653656406,9998617.203416858,6.963961627890824e-05,2.6963838705240177,6.963961627890824e-05,12.10375655,12.10375655,10000000,0.173,213.82979343361788,3,0.01,10,0.13999999999999999,0.521699476,0.37325451652838404,0.0,1.0,1.0,1.0,0.0,0.0,0.0,0.9999221069578369,1,0.002307,20621.080240533105,4.488015284750187,0.04488364897146363,13.598534301151634,0.0,10.0,0.01691263522170316,10.0
58,14,28,25.991586400000003,28.0,0.0001,449.6810870492634,15.99039023233866,169.1094395818099,0.0019918479839244807,766.5756629,8918061.20065036,1080059.04467928,0.8371299208168277,0.8905604181900939,90.26966368031057,0,81.78026179000001,1.7276903390069216,710.7878806503909,9998831.03321029,7.108709791070253e-05,2.7492387026200875,7.108709791070253e-05,11.991586400000003,11.991586400000003,10000000,0.173,180.35107053834562,3,0.01,10,0.13999999999999999,0.5306730879999998,0.32568516764192124,0.0,1.0,1.0,1.0,0.0,0.0,0.0,0.9999203042883522,1,0.002307,20573.96728990038,4.496452493950165,0.04496810870492634,0.0,0.0,10.0,0.01691094395818099,10.0
59,14,28,25.761240100000002,28.0,0.0001,464.13257143450863,15.731707084968827,169.09252863785173,0.0020629350818351833,778.5672493,8897653.087978505,1100633.0119691803,0.882098029521754,0.9074713621482748,90.26966368031057,0,81.78026179000001,1.7895693916700288,725.284333144341,9999011.38428083,7.253560429829497e-05,2.8016037087336243,7.253560429829497e-05,11.761240100000002,11.761240100000002,10000000,0.173,152.17702292234318,3,0.01,10,0.13999999999999999,0.5491007919999998,0.27855666213973806,0.0,1.0,1.0,1.0,0.0,0.0,0.0,0.9999184925272001,1,0.002307,20526.885773966413,4.640947411615669,0.04641325714345087,27.216473865048087,0.0,10.0,0.016909252863785175,10.0
60,14,28,25.8057107,28.0,0.0001,451.51063172393276,15.780994403150567,169.07561938498793,0.002135470686133478,790.3284894,8877263.738280049,1121159.8977431466,0.9285112866652049,0.92438061501206,117.48613754535866,0,81.78026179000001,1.852891901677265,739.9252805559566,9999163.561303752,7.399871759468256e-05,2.85296283580786,7.399871759468256e-05,11.805710699999999,11.805710699999999,10000000,0.173,128.45746349983605,3,0.01,10,0.13999999999999999,0.545543144,0.23233344777292597,0.0,1.0,1.0,1.0,0.0,0.0,0.0,0.9999166563443094,1,0.002307,20479.847544212073,4.514730011773017,0.04515106317239328,13.797809922269362,0.0,10.0,0.016907561938498794,10.0
61,14,28,26.18712995,28.0,0.0001,452.18240075026404,16.21676010772287,169.05871182304944,0.0022094694037281606,802.1342000999999,8856897.833469324,1141639.7452873588,0.9736623498375981,0.9412881769505588,131.28394746762802,0,81.78026179000001,1.9149505267881568,754.4400105677297,9999292.01876725,7.544934272864049e-05,2.904516157641921,7.544934272864049e-05,12.18712995,12.18712995,10000000,0.173,108.47995182400217,3,0.01,10,0.13999999999999999,0.5150296040000001,0.18593545812227108,0.0,1.0,1.0,1.0,0.0,0.0,0.0,0.9999148261878797,1,0.002307,20432.86340181373,4.521438866514185,0.04521824007502641,13.430786428166739,0.0,10.0,0.016905871182304945,10.0
62,14,28,25.73103645,28.0,0.0001,453.22783494853644,15.698407190899301,169.04180595186713,0.0022849187464568013,814.3213300499999,8836558.928580467,1162072.6086891724,1.0188805899126245,0.9581940481328637,144.71473389579475,0,81.78026179000001,1.9770746380454882,768.9614494342437,9999400.498719074,7.690075515354625e-05,2.9577350657205237,7.690075515354625e-05,11.731036450000001,11.731036450000001,10000000,0.173,91.64724126220399,3,0.01,10,0.13999999999999999,0.5515170839999999,0.1380384408515286,0.0,1.0,1.0,1.0,0.0,0.0,0.0,0.999912987108886,1,0.002307,20385.94154823514,4.531883982842842,0.04532278349485365,13.443891571098792,0.0,20.0,0.016904180595186714,10.0
63,14,28,25.71285115,28.0,0.0001,464.27050457678564,15.678425580342433,159.02490177127194,0.0023618195016103477,826.0523665,8816250.10238951,1182458.5502374077,1.0642033734074783,0.9750982287280504,158.15862546689354,0,81.78026179000001,2.0393016021355286,783.4933334170867,9999492.145960337,7.835331254633843e-05,3.008962299126637,7.835331254633843e-05,11.712851149999999,11.712851149999999,10000000,0.173,77.4584703647806,3,0.01,10,0.13999999999999999,0.5529719080000001,0.09910466631724896,0.0,1.0,1.0,1.0,0.0,0.0,0.0,0.9999111386698359,1,0.002307,20339.089086212603,4.64229248882193,0.046427050457678566,13.475816171382899,0.0,10.0,0.015902490177127197,10.0
64,14,28,25.7099668,28.0,0.0001,465.390553843767,15.675260992395735,159.00899928109482,0.002440172814156686,837.76521765,8795973.829481173,1202797.6393236204,1.1106304238651568,0.9910007189051776,171.63444163827643,0,81.78026179000001,2.1016311427703345,798.1356259059086,9999569.6044307,7.981699787881504e-05,3.0601101207423578,7.981699787881504e-05,11.7099668,11.7099668,10000000,0.173,65.49344323537478,3,0.01,10,0.13999999999999999,0.553202656,0.09399499893783847,0.0,1.0,1.0,1.0,0.0,0.0,0.0,0.9999092694878221,1,0.002307,20292.311724613068,4.653483287204541,0.0465390553843767,12.952180007897894,0.0,10.0,0.01590089992810948,10.0
65,14,28,25.779641599999998,28.0,0.0001,467.04531806768927,15.752064308027565,158.9930983811667,0.002519989812035501,849.4751844499999,8775732.357716508,1223089.9510482333,1.1571694792495335,1.006901618833287,184.5866216461743,0,81.78026179000001,2.164071098082821,812.7891091931131,9999635.097873934,8.12818769122809e-05,3.111245346943231,8.12818769122809e-05,11.779641599999998,11.779641599999998,10000000,0.173,55.39950273560609,3,0.01,10,0.13999999999999999,0.5476286720000001,0.08888658984037125,0.0,1.0,1.0,1.0,0.0,0.0,0.0,0.9999073907675975,1,0.002307,20245.614649251987,4.670020653592859,0.04670453180676893,0.0,0.0,10.0,0.01589930983811667,10.0
66,14,28,25.92379425,28.0,0.0001,481.66863418947537,15.913379214423603,158.97719907132858,0.002601271688947782,861.2548260499999,8755527.472549338,1243335.5656974853,1.2038740110563024,1.0228009286714037,184.5866216461743,0,81.78026179000001,2.2266749397277064,827.459129846706,9999690.497376671,8.274847407165077e-05,3.1626848299126635,8.274847407165077e-05,11.92379425,11.92379425,10000000,0.173,46.88055587993939,3,0.01,10,0.13999999999999999,0.53609646,0.08374778549172492,0.0,1.0,1.0,1.0,0.0,0.0,0.0,0.9999055018742041,1,0.002307,20199.001979171324,4.8162311740628985,0.04816686341894754,12.172392127402361,0.0,0.0,0.01589771990713286,10.0
67,14,28,25.9989159,28.0,0.0001,474.264306372717,15.998761124504638,168.96130135142144,0.002684020163019433,873.1786202999999,8735360.534894872,1263534.5676766566,1.25204087447525,1.0386986485785366,196.75901377357667,0,81.78026179000001,2.2907395230537864,842.2753610207687,9999737.377932549,8.422974816113718e-05,3.214753800436681,8.422974816113718e-05,11.9989159,11.9989159,10000000,0.173,39.687903074462916,3,0.01,10,0.13999999999999999,0.530086728,0.07854609533637558,0.0,1.0,1.0,1.0,0.0,0.0,0.0,0.9999035879341043,1,0.002307,20152.47685400247,4.742185815711591,0.0474264306372717,25.078938677880068,0.0,10.0,0.016896130135142146,10.0
68,14,28,25.9916233,28.0,0.0001,463.88012707991123,15.990432353236189,168.9444052212863,0.00276824991118057,885.1775362,8715233.003758129,1283687.0445306592,1.2994673051125218,1.0555947787136788,221.83795245145674,0,81.78026179000001,2.3550620838262004,857.0175468364804,9999777.065835625,8.570366531114904e-05,3.2671508131004363,8.570366531114904e-05,11.9916233,11.9916233,10000000,0.173,33.61257113564089,3,0.01,10,0.13999999999999999,0.5306701359999999,0.07331163377126641,0.0,1.0,1.0,1.0,0.0,0.0,0.0,0.9999016740826745,1,0.002307,20106.042639670006,4.638345156408871,0.04638801270799112,13.748589317158208,0.0,10.0,0.016894440522128632,10.0
69,14,28,26.05488305,28.0,0.0001,464.7234949064539,16.062970343178083,168.92751078076418,0.002853953576491719,897.1691595,8695145.935344437,1303793.0871703292,1.345855317820513,1.0724892192358075,235.58654176861495,0,81.78026179000001,2.4183445370563206,871.6558919928893,9999810.678406758,8.71672394633543e-05,3.319515980349345,8.71672394633543e-05,12.05488305,12.05488305,10000000,0.173,28.478894657658667,3,0.01,10,0.13999999999999999,0.5256093559999999,0.06808035356310047,0.0,1.0,1.0,1.0,0.0,0.0,0.0,0.9998997637846465,1,0.002307,20059.701772839617,4.646769127821386,0.04647234949064539,29.489613163453527,0.0,10.0,0.016892751078076418,10.0
70,14,28,25.78290425,28.0,0.0001,449.83417852133107,15.755679214582207,168.9106180296861,0.0029411208159550737,909.2240425499999,8675100.065697128,1323852.7889431687,1.3923276673111584,1.0893819703138838,265.07615493206845,0,81.78026179000001,2.481709637625042,886.3026611207107,9999839.157301418,8.863169168811817e-05,3.3721573910480345,8.863169168811817e-05,11.782904250000001,11.782904250000001,10000000,0.173,24.13914853697744,3,0.01,10,0.13999999999999999,0.5473676599999999,0.06282147663430136,0.0,1.0,1.0,1.0,0.0,0.0,0.0,0.999897844161633,1,0.002307,20013.455951563275,4.497882253336981,0.04498341785213311,0.0,0.0,20.0,0.01689106180296861,10.0
71,14,28,25.701279800000002,28.0,0.0001,474.2870773568159,15.66573769308389,158.89372696788314,0.003029752507643192,921.0069467999999,8655096.251011848,1343866.244894732,1.4373110851632915,1.1062730321168524,265.07615493206845,0,81.78026179000001,2.543584117280144,900.8005433740476,9999863.296449954,9.008128578056065e-05,3.4236111213973794,9.008128578056065e-05,11.701279800000002,11.701279800000002,10000000,0.173,20.4690552346912,3,0.01,10,0.13999999999999999,0.5538976159999999,0.057681248972401795,0.0,1.0,1.0,1.0,0.0,0.0,0.0,0.99989593335834,1,0.002307,19967.307151084337,4.7423771989349275,0.04742870773568159,14.976490692465104,0.0,10.0,0.015889372696788313,10.0
72,14,28,25.584253250000003,28.0,0.0001,474.0055351555501,15.53856375841231,158.87783759518635,0.0031198337934237527,932.7082265999999,8635134.6705388,1363833.5520458163,1.4847397928989732,1.1221624048136407,280.05264562453357,0,81.78026179000001,2.606902197712614,915.5429205729827,9999883.76550519,9.155535624635632e-05,3.474708413100436,9.155535624635632e-05,11.584253250000003,11.584253250000003,10000000,0.173,17.364018927804484,3,0.01,10,0.13999999999999999,0.5632597399999997,0.052576629531266426,0.0,1.0,1.0,1.0,0.0,0.0,0.0,0.9998939859197268,1,0.002307,19921.25578493301,4.739552838946961,0.04740055351555501,15.682042251985,0.0,10.0,0.015887783759518635,10.0
73,14,28,25.6735397,28.0,0.0001,473.0156451889965,15.635404371308661,158.86194981142683,0.003211389149670109,944.2924798499998,8615216.039219955,1383754.8078307493,1.5321403464145282,1.1380501885731593,295.7346878765186,0,81.78026179000001,2.6701905349876878,930.2824734119296,9999901.129524115,9.302916712499544e-05,3.5252946718340605,9.302916712499544e-05,11.6735397,11.6735397,10000000,0.173,14.735975816820758,3,0.01,10,0.13999999999999999,0.5561168240000001,0.047523062283777354,0.0,1.0,1.0,1.0,0.0,0.0,0.0,0.9998920303301873,1,0.002307,19875.303502480438,4.729645738459691,0.04730156451889965,33.269997342943576,0.0,10.0,0.015886194981142684,10.0
74,14,28,25.631224600000003,28.0,0.0001,454.42799201999367,15.589359132163764,158.8460636164457,0.0033044183167951044,955.9660195499998,8595340.742047552,1403630.1113332298,1.579441910933428,1.153936383554302,329.00468521946215,0,81.78026179000001,2.73337829448773,945.0121191503893,9999915.865499932,9.450200700295038e-05,3.5762708277292568,9.450200700295038e-05,11.631224600000003,11.631224600000003,10000000,0.173,12.510749245052514,3,0.01,10,0.13999999999999999,0.5595020319999997,0.04243054430984725,0.0,1.0,1.0,1.0,0.0,0.0,0.0,0.9998900673911763,1,0.002307,19829.451191903703,4.543780355653084,0.04544279920199937,12.827729373345864,0.0,10.0,0.01588460636164457,10.0
75,14,28,25.5578504,28.0,0.0001,456.0986002030989,15.510156465904494,158.83017901008404,0.003398920323798055,967.5972441499998,8575509.257824538,1423459.5625251336,1.6248847101354273,1.1698209899159466,341.832414592808,0,81.78026179000001,2.7947057000513738,959.5558995060424,9999928.376249177,9.595627722545322e-05,3.6270622015283833,9.595627722545322e-05,11.5578504,11.5578504,10000000,0.173,10.625835391868565,3,0.01,10,0.13999999999999999,0.565371968,0.03735648606731451,0.0,1.0,1.0,1.0,0.0,0.0,0.0,0.9998881176017371,1,0.002307,19783.69995780121,4.560475707978639,0.045609860020309895,13.010229279538898,0.0,10.0,0.015883017901008406,10.0
76,14,28,25.74945645,28.0,0.0001,457.6032367715183,15.718698673777956,158.81429599218302,0.003494876601023508,979.1550945499998,8555721.623226421,1443243.2624829349,1.6704945701557372,1.185704007816955,354.8426438723469,0,81.78026179000001,2.856198577972692,974.1163752140209,9999939.00208457,9.741223171570929e-05,3.6775331639737985,9.741223171570929e-05,11.74945645,11.74945645,10000000,0.173,9.028544483449641,3,0.01,10,0.13999999999999999,0.5500434839999999,0.03231443691901753,0.0,1.0,1.0,1.0,0.0,0.0,0.0,0.9998861574134621,1,0.002307,19738.049884783355,4.575511420354362,0.04576032367715183,11.892706166169141,0.0,10.0,0.015881429599218302,10.0
77,14,28,25.4209673,28.0,0.0001,460.2402817020264,15.36453100897428,158.79841456258382,0.0035922888327392173,990.9045509999999,8535978.026374701,1462981.3123677182,1.716254893832889,1.2015854374161732,366.73535003851606,0,81.78026179000001,2.917840331249062,988.6918866343754,9999948.030629054,9.88697024830619e-05,3.7288408340611348,9.88697024830619e-05,11.420967300000001,11.420967300000001,10000000,0.173,7.674442766100185,3,0.01,10,0.13999999999999999,0.5763226159999999,0.027188800677292638,0.0,1.0,1.0,1.0,0.0,0.0,0.0,0.9998841869812471,1,0.002307,19692.501406846437,4.601869798856508,0.04602402817020264,10.072946378592382,0.0,10.0,0.015879841456258384,10.0
78,14,28,25.68728595,28.0,0.0001,464.7231810941203,15.650420962612607,158.78253472112755,0.003691158535222279,1002.3255182999999,8516278.597540822,1482673.8137745645,1.7622789220030917,1.2174652788724316,376.80829641710847,0,81.78026179000001,2.9797442008755235,1003.2937564332319,9999955.70507182,0.00010032982005354056,3.7787140537117896,0.00010032982005354056,11.68728595,11.68728595,10000000,0.173,6.526043514885857,3,0.01,10,0.13999999999999999,0.555017124,0.022206466034192227,0.0,1.0,1.0,1.0,0.0,0.0,0.0,0.9998822049370635,1,0.002307,19647.054824526676,4.646684389977553,0.046472318109412034,10.0,0.0,10.0,0.015878253472112757,10.0
79,14,28,25.42919905,28.0,0.0001,469.3233931659885,15.3732111754639,158.76665646765542,0.0037914883552758196,1014.0128042499999,8496623.42207542,1502320.8685990912,1.8087512401125037,1.2333435323445443,386.80829641710847,0,81.78026179000001,3.042094772457048,1017.9404408232094,9999962.231115334,0.0001017944285485241,3.829750236899563,0.0001017944285485241,11.429199050000001,11.429199050000001,10000000,0.173,5.551708228428634,3,0.01,10,0.13999999999999999,0.5756640759999999,0.017107951333733676,0.0,1.0,1.0,1.0,0.0,0.0,0.0,0.9998802090606796,1,0.002307,19601.710334727995,4.692671724758761,0.04693233931659885,10.0,0.0,10.0,0.015876665646765542,10.0
80,14,28,25.5902472,28.0,0.0001,473.9691325514306,15.545027254041443,158.75077980200865,0.0038932827838243436,1025.4420033,8477012.570777196,1521922.5789338192,1.8556835794291024,1.2492201979913098,396.80829641710847,0,81.78026179000001,3.1049037774204122,1032.6331125479683,9999967.782823564,0.00010326364394110045,3.879659403056768,0.00010326364394110045,11.5902472,11.5902472,10000000,0.173,4.724723586754142,3,0.01,10,0.13999999999999999,0.5627802239999999,0.012122025634628858,0.0,1.0,1.0,1.0,0.0,0.0,0.0,0.9998781991499557,1,0.002307,19556.468100782993,4.739114027081912,0.047396913255143065,10.0,0.0,10.0,0.015875077980200866,10.0
81,14,28,25.5890237,28.0,0.0001,478.6608496652574,15.543707472477072,158.73490472402844,0.003996546427765444,1037.0322505,8457446.088285973,1541479.0470346021,1.9030804926842455,1.2650952759715106,406.80829641710847,0,81.78026179000001,3.168175768655756,1047.37222657505,9999972.507547151,0.00010473751060661219,3.930271836244541,0.00010473751060661219,11.589023699999998,11.589023699999998,10000000,0.173,4.022525723988447,3,0.01,10,0.13999999999999999,0.5628781040000002,0.007065843559170351,0.0,1.0,1.0,1.0,0.0,0.0,0.0,0.9998761750858514,1,0.002307,19511.32822567574,4.7860157952664135,0.04786608496652574,10.0,0.0,10.0,0.015873490472402843,10.0
82,14,28,25.332236100000003,28.0,0.0001,483.39899937555725,15.271584784644649,158.71903123355602,0.004101283938372056,1048.6212742,8437923.996570226,1560990.375260278,1.9509465776507713,1.2809687664439136,416.80829641710847,0,81.78026179000001,3.231915344094685,1062.1582423703164,9999976.530072875,0.00010621607352538215,3.980878926637555,0.00010621607352538215,11.332236100000003,11.332236100000003,10000000,0.173,3.426048080258375,3,0.01,10,0.13999999999999999,0.5834211119999998,0.0020101952289082736,0.0,1.0,1.0,1.0,0.0,0.0,0.0,0.9998741367478409,1,0.002307,19466.29076008751,4.833381572054054,0.048339899937555726,0.0,0.0,10.0,0.015871903123355603,10.0
83,14,28,25.544858400000003,28.0,0.0001,498.18404104767376,15.496216239071643,158.70315933043267,0.004207500011897438,1059.9535103,8418446.298476646,1580456.6660203654,1.999286477588327,1.2968406695672692,416.80829641710847,0,81.78026179000001,3.2961271471555964,1076.9916239423706,9999979.956120953,0.0001076993782655682,4.030364673799127,0.0001076993782655682,11.544858400000003,11.544858400000003,10000000,0.173,2.9191729250378895,3,0.01,10,0.13999999999999999,0.5664113279999998,0.0001,0.0,1.0,1.0,1.0,0.0,0.0,0.0,0.9998720840139241,1,0.002307,19421.355710585623,4.981203153448159,0.04981840410476738,20.0,0.0,10.0,0.015870315933043267,10.0
84,14,28,25.392948699999998,28.0,0.0001,493.11542579701717,15.335059444886044,158.6872890144996,0.0043151993901630065,1071.4983687000001,8399012.880735831,1599878.021730951,2.0491048816930943,1.3127109855003125,436.80829641710847,0,81.78026179000001,3.361815867193407,1091.9728270958187,9999982.875293877,0.00010919746970703968,4.080778902620088,0.00010919746970703968,11.392948699999998,11.392948699999998,10000000,0.173,2.488269852412204,3,0.01,10,0.13999999999999999,0.5785641040000001,0.0001,0.0,1.0,1.0,1.0,0.0,0.0,0.0,0.9998700048575426,1,0.002307,19376.522815857563,4.930513231869927,0.04931154257970172,10.0,0.0,10.0,0.015868728901449962,10.0
85,14,28,25.06721195,28.0,0.0001,497.9966274863074,15.0005477376343,158.67142028559817,0.004424396859870046,1082.8913174000002,8379623.915676595,1619254.5445468086,2.098416424272796,1.3285797144017624,446.80829641710847,0,81.78026179000001,3.426996138674558,1106.9033403276885,9999985.363563731,0.00011069049604420795,4.130529770305677,0.00011069049604420795,11.06721195,11.06721195,10000000,0.173,2.121807483152194,3,0.01,10,0.13999999999999999,0.6046230439999999,0.0001,0.0,1.0,1.0,1.0,0.0,0.0,0.0,0.9998679228143427,1,0.002307,19331.792473465906,4.979308534932821,0.04979966274863074,10.0,0.0,10.0,0.01586714202855982,10.0
86,14,28,25.55505395,28.0,0.0001,502.9261363584916,15.507153797919516,158.65555314356962,0.004535087355914254,1093.9585293500002,8360279.265702077,1638586.3370202745,2.1482160870214266,1.3444468564303222,456.80829641710847,0,81.78026179000001,3.492662943451749,1121.8826488626214,9999987.485371215,0.00011218840528588675,4.17885820676856,0.00011218840528588675,11.555053950000001,11.555053950000001,10000000,0.173,1.8100261937109368,3,0.01,10,0.13999999999999999,0.5655956839999998,0.0001,0.0,1.0,1.0,1.0,0.0,0.0,0.0,0.9998658259986625,1,0.002307,19287.164365974695,5.028586567463991,0.05029261363584916,10.0,0.0,10.0,0.015865555314356964,10.0
87,14,28,25.41131655,28.0,0.0001,507.90443031231973,15.354367017950477,158.63968758825527,0.0046472757612001404,1105.5135833000002,8340978.882775729,1657873.5013862492,2.1985087006572757,1.3603124117446792,466.80829641710847,0,81.78026179000001,3.558821112401955,1136.9112354300853,9999989.295397406,0.0001136912452449684,4.229316957641922,0.0001136912452449684,11.411316549999999,11.411316549999999,10000000,0.173,1.5446627502897958,3,0.01,10,0.13999999999999999,0.5770946760000001,0.0001,0.0,1.0,1.0,1.0,0.0,0.0,0.0,0.9998637142826229,1,0.002307,19242.638382563608,5.078352101926756,0.05079044303123197,10.0,0.0,10.0,0.01586396875882553,10.0
88,14,28,25.8087247,28.0,0.0001,512.9319919712152,15.784346034073483,158.62382361949645,0.004760967006445109,1116.9248998500002,8321722.7107038135,1677116.1397688128,2.2492991436885075,1.3761763805035048,476.80829641710847,0,81.78026179000001,3.6254755241920122,1151.9895875320121,9999990.840060158,0.00011519906427485107,4.279148034279477,0.00011519906427485107,11.808724699999999,11.808724699999999,10000000,0.173,1.318718093851658,3,0.01,10,0.13999999999999999,0.545302024,0.0001,0.0,1.0,1.0,1.0,0.0,0.0,0.0,0.9998615875368769,1,0.002307,19198.2143935937,5.128609957907919,0.051293199197121525,10.0,0.0,10.0,0.015862382361949645,10.0
89,14,28,25.66547385,28.0,0.0001,518.009308729926,15.626606534182507,158.6079612371345,0.00487616607071996,1128.7336245500003,8302510.686418355,1696314.3541624064,2.300592342885629,1.3920387628654545,486.80829641710847,0,81.78026179000001,3.692631105751084,1167.11819748992,9999992.158778252,0.00011671191126538969,4.330714517685591,0.00011671191126538969,11.665473850000001,11.665473850000001,10000000,0.173,1.1262616132048338,3,0.01,10,0.13999999999999999,0.5567620919999998,0.0001,0.0,1.0,1.0,1.0,0.0,0.0,0.0,0.9998594456306047,1,0.002307,19153.892253567148,5.179365002581966,0.051800930872992604,10.0,0.0,10.0,0.015860796123713453,10.0
90,14,28,25.6125987,28.0,0.0001,523.136872801635,15.56917718003737,158.59210044101079,0.0049928779819853495,1140.3990984000002,8283342.741061399,1715468.2464159736,2.3523932737586217,1.4078995589891679,496.80829641710847,0,81.78026179000001,3.7602928327477896,1182.2975624925023,9999993.285039866,0.00011822983564011353,4.381655451528385,0.00011822983564011353,11.6125987,11.6125987,10000000,0.173,0.9622660716141296,3,0.01,10,0.13999999999999999,0.560992104,0.0001,0.0,1.0,1.0,1.0,0.0,0.0,0.0,0.9998572884315057,1,0.002307,19109.671803628647,5.230622151179802,0.05231368728016351,20.0,0.0,10.0,0.01585921004410108,10.0
91,14,28,25.516780699999998,28.0,0.0001,518.3151812655346,15.466174706061377,158.57624123096667,0.005111107817625463,1152.0116971000002,8264218.8009016905,1734577.9182196022,2.4047069610387855,1.423758769033269,516.8082964171085,0,81.78026179000001,3.8284657300720544,1197.528184643682,9999994.247305935,0.00011975288735454062,4.432365489519651,0.00011975288735454062,11.516780699999998,11.516780699999998,10000000,0.173,0.8224683382673912,3,0.01,10,0.13999999999999999,0.5686575440000001,0.0001,0.0,1.0,1.0,1.0,0.0,0.0,0.0,0.9998551158057908,1,0.002307,19065.5528736802,5.182400855881506,0.05183151812655347,10.0,0.0,10.0,0.01585762412309667,10.0
92,14,28,25.302892399999998,28.0,0.0001,523.4457506032896,15.241094104801952,158.56038360684357,0.0052308607049800036,1163.5284778000002,8245138.8880954925,1753643.4710932823,2.456538479165339,1.4396163931563657,526.8082964171085,0,81.78026179000001,3.8961548723217048,1212.7105854995632,9999995.069774274,0.00012127111833935506,4.482657108296944,0.00012127111833935506,11.302892399999998,11.302892399999998,10000000,0.173,0.7032518484674511,3,0.01,10,0.13999999999999999,0.5857686080000002,0.0001,0.0,1.0,1.0,1.0,0.0,0.0,0.0,0.9998529397429897,1,0.002307,19021.5355148363,5.2336877253667495,0.05234457506032897,10.0,0.0,20.0,0.015856038360684357,10.0
93,14,28,25.343905,28.0,0.0001,538.6270937535961,15.283743725733219,148.5445275684829,0.005352131823319358,1174.8313702000003,8226102.822144779,1772665.0066081185,2.508883054225668,1.45547243151705,536.8082964171085,0,81.78026179000001,3.964355485742718,1227.9442732249302,9999995.773026122,0.0001227944792273986,4.5320147170305685,0.0001227944792273986,11.343905,11.343905,10000000,0.173,0.6015473263212463,3,0.01,10,0.13999999999999999,0.5824876,0.0001,0.0,1.0,1.0,1.0,0.0,0.0,0.0,0.9998507481578063,1,0.002307,18977.61931068801,5.38546702667598,0.05386270937535961,10.0,0.0,0.0,0.01485445275684829,10.0
94,14,28,25.49564475,28.0,0.0001,533.9586980708967,15.443637179253452,158.52967311572604,0.005474926302546757,1186.1752752000002,8207110.418914391,1791642.6259188065,2.5627457636010273,1.4703268842738983,546.8082964171085,0,81.78026179000001,4.033072647874926,1243.3297402516064,9999996.37457345,0.0001243330191011835,4.5815514200873375,0.0001243330191011835,11.49564475,11.49564475,10000000,0.173,0.5147489748529347,3,0.01,10,0.13999999999999999,0.57034842,0.0001,0.0,1.0,1.0,1.0,0.0,0.0,0.0,0.9998485287332487,1,0.002307,18933.8038364355,5.3387781867050705,0.05339586980708968,0.0,0.0,20.0,0.015852967311572604,10.0
95,14,28,25.3451034,28.0,0.0001,559.2440803877947,15.284993549528012,148.51382014841448,0.005599259321647941,1197.6709199500003,8188161.791048744,1810576.429755242,2.616141633408117,1.486179851585471,546.8082964171085,0,81.78026179000001,4.102321484993588,1258.6685184383114,9999996.889322424,0.00012586689099696268,4.631750742139739,0.00012586689099696268,11.3451034,11.3451034,10000000,0.173,0.44064365093948643,3,0.01,10,0.13999999999999999,0.582391728,0.0001,0.0,1.0,1.0,1.0,0.0,0.0,0.0,0.9998463055444946,1,0.002307,18890.089351949453,5.591581276733649,0.055924408038779475,10.0,0.0,0.0,0.014851382014841449,10.0
96,14,28,25.278453900000002,28.0,0.0001,554.7797372564896,15.21579312922846,158.49896876639963,0.005725126212644903,1209.0160233500003,8169256.550759168,1829466.5191071916,2.672066041446896,1.5010312336003124,556.8082964171085,0,81.78026179000001,4.173097275047208,1274.260099715045,9999997.329966074,0.00012742604399469055,4.681292678384281,0.00012742604399469055,11.278453900000002,11.278453900000002,10000000,0.173,0.3773509240596368,3,0.01,10,0.13999999999999999,0.5877236879999997,0.0001,0.0,1.0,1.0,1.0,0.0,0.0,0.0,0.999844041944249,1,0.002307,18846.4749626014,5.546932148872971,0.055477973725648964,10.0,0.0,10.0,0.015849896876639964,10.0
97,14,28,25.30026225,28.0,0.0001,560.2711914316369,15.238367092637418,158.483118869523,0.005852552256639594,1220.2944772500002,8150394.906215342,1848312.994069793,2.727544015172545,1.5168811304769525,566.8082964171085,0,81.78026179000001,4.2444251456494975,1289.807031863918,9999997.707316998,0.00012898073275758513,4.730543568777294,0.00012898073275758513,11.30026225,11.30026225,10000000,0.173,0.3232725030873262,3,0.01,10,0.13999999999999999,0.58597902,0.0001,0.0,1.0,1.0,1.0,0.0,0.0,0.0,0.9998417741758623,1,0.002307,18802.961148638795,5.60182542060632,0.056027119143163696,10.0,0.0,20.0,0.0158483118869523,10.0
98,14,28,24.9578324,28.0,0.0001,575.8169897331001,14.891470827648538,148.46727055763606,0.005981532989397179,1231.5947395000003,8131576.666513786,1867115.9552184318,2.7835711343157086,1.5327294423639048,576.8082964171085,0,81.78026179000001,4.316300576679613,1305.4088572845242,9999998.030589502,0.00013054091143731655,4.779889692139739,0.00013054091143731655,10.957832400000001,10.957832400000001,10000000,0.173,0.2770493354273202,3,0.01,10,0.13999999999999999,0.6152709499999999,0.0001,0.0,1.0,1.0,1.0,0.0,0.0,0.0,0.999839490005488,1,0.002307,18759.547469647307,5.75724565351238,0.05758169897331001,20.0,0.0,10.0,0.014846727055763606,10.0
99,14,28,25.03801955,28.0,0.0001,571.5166536876392,14.971280088793327,148.4524238305803,0.0061120739008344955,1242.5525719000002,8112801.63884782,1885875.5026880791,2.841152833289019,1.5475761694196684,596.8082964171085,0,81.78026179000001,4.388729002708687,1321.1661029380366,9999998.307638839,0.00013211663265270946,4.827740488646289,0.00013211663265270946,11.038019550000001,11.038019550000001,10000000,0.173,0.23752537395778156,3,0.01,10,0.13999999999999999,0.6069584359999999,0.0001,0.0,1.0,1.0,1.0,0.0,0.0,0.0,0.9998371769648184,1,0.002307,18716.233480821924,5.71423597611429,0.05715166536876392,10.0,0.0,10.0,0.014845242383058031,10.0
100,14,28,25.44154245,28.0,0.0001,577.1737379983847,15.386245364983738,148.43757858819725,0.006244190533487205,1253.5905914500001,8094069.928656396,1904591.736168901,2.8983044986577826,1.5624214118027264,606.8082964171085,0,81.78026179000001,4.460725910460509,1336.880338914151,9999998.545164213,0.00013368805334083153,4.875941447379914,0.00013368805334083153,11.44154245,11.44154245,10000000,0.173,0.20371688694352674,3,0.01,10,0.13999999999999999,0.574676604,0.0001,0.0,1.0,1.0,1.0,0.0,0.0,0.0,0.9998348593998477,1,0.002307,18673.019425410308,5.770784231808995,0.057717373799838476,10.0,0.0,10.0,0.014843757858819726,10.0
101,14,28,25.338967500000003,28.0,0.0001,582.8868048563938,15.278596510852836,148.42273483033844,0.006377878586828037,1265.0321339000002,8075381.342163641,1923264.7555943113,2.956021872457621,1.577265169661546,616.8082964171085,0,81.78026179000001,4.533287042119167,1352.65112314596,9999998.748881098,0.00013526512923787198,4.925904514847162,0.00013526512923787198,11.338967500000003,11.338967500000003,10000000,0.173,0.17478643669191352,3,0.01,10,0.13999999999999999,0.5828825999999998,0.0001,0.0,1.0,1.0,1.0,0.0,0.0,0.0,0.9998325249879134,1,0.002307,18629.904856371522,5.827891858817054,0.058288680485639385,10.0,0.0,0.0,0.014842273483033845,10.0
102,14,28,25.408347749999997,28.0,0.0001,578.6564080347252,15.351243036922016,158.40789255685542,0.006513143716065909,1276.3711014000003,8056735.784201847,1941894.6604506827,3.0143105529432606,1.5921074431445799,626.8082964171085,0,81.78026179000001,4.60641799608784,1368.479015004777,9999998.923667533,0.00013684791622986322,4.97541965676856,0.00013684791622986322,11.408347749999997,11.408347749999997,10000000,0.173,0.15002086496315567,3,0.01,10,0.13999999999999999,0.5773321800000002,0.0001,0.0,1.0,1.0,1.0,0.0,0.0,0.0,0.999830173578015,1,0.002307,18586.889554153662,5.7855813688739,0.05786564080347253,10.0,0.0,20.0,0.015840789255685543,10.0
103,14,28,25.44786095,28.0,0.0001,594.3841237627956,15.39292603172315,148.39205176759972,0.006649991632295772,1287.7794491500003,8038133.25908719,1960481.5500048364,3.072176193746733,1.6079482324002654,636.8082964171085,0,81.78026179000001,4.680124426146999,1384.2645963736509,9999999.073688399,0.0001384264724599698,5.025237769213975,0.0001384264724599698,11.447860949999999,11.447860949999999,10000000,0.173,0.12881261829344606,3,0.01,10,0.13999999999999999,0.574171124,0.0001,0.0,1.0,1.0,1.0,0.0,0.0,0.0,0.9998278174539336,1,0.002307,18543.97352871415,5.942817811910247,0.059438412376279566,10.0,0.0,0.0,0.014839205176759972,10.0
104,14,28,25.27680555,28.0,0.0001,590.2675031623296,15.214089629849315,158.37721256242295,0.006788418104755742,1299.2273101000003,8019573.471553282,1979025.5235335506,3.1316146061230126,1.6227874375770255,646.8082964171085,0,81.78026179000001,4.754402043700038,1400.2074141855612,9999999.202501018,0.00014002075258519688,5.075228428384281,0.00014002075258519688,11.276805549999999,11.276805549999999,10000000,0.173,0.11064390911431049,3,0.01,10,0.13999999999999999,0.5878555560000001,0.0001,0.0,1.0,1.0,1.0,0.0,0.0,0.0,0.9998254317405557,1,0.002307,18501.156098873424,5.901644611916961,0.059026750316232966,10.0,0.0,10.0,0.015837721256242297,10.0
105,14,28,24.90303445,28.0,0.0001,596.1101210239303,14.837418768568362,158.3613748411667,0.006928438857340939,1310.5041156500004,8001056.524453706,1997526.679632424,3.1906413564392455,1.6386251588332679,656.8082964171085,0,81.78026179000001,4.829266515272513,1416.1090587974782,9999999.313144928,0.00014161091560636538,5.12447212074236,0.00014161091560636538,10.90303445,10.90303445,10000000,0.173,0.09507329617413925,3,0.01,10,0.13999999999999999,0.62212069375,0.0001,0.0,1.0,1.0,1.0,0.0,0.0,0.0,0.9998230410619754,1,0.002307,18458.4375019147,5.960046340099682,0.059611012102393036,10.0,0.0,10.0,0.01583613748411667,10.0
106,14,28,24.799489700000002,28.0,0.0001,602.0105563519277,14.736347371180035,158.3455387036826,0.007070049772947304,1321.4071501000003,7982582.221978747,2015985.1171343387,3.2502523685416387,1.6544612963173846,666.8082964171085,0,81.78026179000001,4.904713664859023,1432.069105137578,9999999.408218224,0.0001432069189884823,5.172083624890831,0.0001432069189884823,10.799489700000002,10.799489700000002,10000000,0.173,0.08172427776631254,3,0.01,10,0.13999999999999999,0.6350637874999997,0.0001,0.0,1.0,1.0,1.0,0.0,0.0,0.0,0.9998206329481728,1,0.002307,18415.81728610497,6.01902575493266,0.06020105563519277,10.0,0.0,20.0,0.01583455387036826,10.0
107,14,28,24.92690295,28.0,0.0001,617.9693810512251,14.86091406808795,148.32970414981222,0.007213256691935787,1332.2066398000004,7964150.467391165,2034400.9344204436,3.3104534241768313,1.670295850187753,676.8082964171085,0,81.78026179000001,4.980749274364584,1448.0881308925104,9999999.489942502,0.0001448088204753335,5.219242968558953,0.0001448088204753335,10.926902949999999,10.926902949999999,10000000,0.173,0.0702756215472618,3,0.01,10,0.13999999999999999,0.6191371312500001,0.0001,0.0,1.0,1.0,1.0,0.0,0.0,0.0,0.9998182072419544,1,0.002307,18373.295228271418,6.178570386930561,0.06179693810512252,10.0,0.0,10.0,0.014832970414981222,10.0
108,14,28,24.83256345,28.0,0.0001,624.0861545000506,14.768481098409472,148.31487117939724,0.00735806551241112,1343.1335427500003,7945761.063868128,2052774.2296487151,3.372250362281954,1.6851288206027342,686.8082964171085,0,81.78026179000001,5.057379182884688,1464.2667012794411,9999999.560218122,0.000146426676567524,5.266958701965066,0.000146426676567524,10.832563449999999,10.832563449999999,10000000,0.173,0.06045314989963962,3,0.01,10,0.13999999999999999,0.6309295687500002,0.0001,0.0,1.0,1.0,1.0,0.0,0.0,0.0,0.9998157512036752,1,0.002307,18330.87087434377,6.23971167377281,0.06240861545000506,10.0,0.0,10.0,0.014831487117939725,10.0
109,14,28,25.028085750000002,28.0,0.0001,630.2634575583734,14.961346709556532,148.3000396922793,0.007504492188978644,1353.9661062000002,7927414.01373526,2071105.1005230588,3.434658977731959,1.699960307720674,696.8082964171085,0,81.78026179000001,5.134619285452633,1480.5064129532138,9999999.620671272,0.00014805064691130775,5.314262472489084,0.00014805064691130775,11.028085750000002,11.028085750000002,10000000,0.173,0.05202275852941998,3,0.01,10,0.13999999999999999,0.6077531399999998,0.0001,0.0,1.0,1.0,1.0,0.0,0.0,0.0,0.9998132770704427,1,0.002307,18288.544229687246,6.301457729191851,0.06302634575583733,10.0,0.0,10.0,0.014830003969227932,10.0
110,14,28,24.862731150000002,28.0,0.0001,636.5018889418094,14.797913825782386,148.2852096883101,0.007652542835889952,1364.9941919500002,7909109.220070602,2089393.644752746,3.4976853234877967,1.714790311689902,706.8082964171085,0,81.78026179000001,5.212475635177698,1496.8078706824056,9999999.672694031,0.0001496807919673822,5.362420052183407,0.0001496807919673822,10.862731150000002,10.862731150000002,10000000,0.173,0.044784486768849795,3,0.01,10,0.13999999999999999,0.6271586062499998,0.0001,0.0,1.0,1.0,1.0,0.0,0.0,0.0,0.9998107846775082,1,0.002307,18246.31507070288,6.363814530316266,0.06365018889418095,10.0,0.0,10.0,0.01482852096883101,10.0
111,14,28,25.0010608,28.0,0.0001,642.8020532832314,14.934389493358305,148.27038116734127,0.007802223627857334,1375.8569231000001,7890846.585969856,2107639.9598234487,3.5613355123819774,1.729618832658733,716.8082964171085,0,81.78026179000001,5.29095434504071,1513.171685212722,9999999.717478517,0.0001513171727963074,5.409855559388647,0.0001513171727963074,11.001060800000001,11.001060800000001,10000000,0.173,0.038567472639906585,3,0.01,10,0.13999999999999999,0.6099151359999999,0.0001,0.0,1.0,1.0,1.0,0.0,0.0,0.0,0.999808273858304,1,0.002307,18204.183173832458,6.426788113256811,0.06428020532832314,10.0,0.0,10.0,0.014827038116734128,10.0
112,14,28,24.93706375,28.0,0.0001,649.1645611911599,14.870938592732875,148.25555412922455,0.007953540800653641,1386.8579839000001,7872626.014575383,2125844.142997281,3.625615717710301,1.744445870775467,726.8082964171085,0,81.78026179000001,5.370061588485768,1529.5984733259786,9999999.75604599,0.00015295985106411478,5.457895126200874,0.00015295985106411478,10.93706375,10.93706375,10000000,0.173,0.03322566530331626,3,0.01,10,0.13999999999999999,0.61786703125,0.0001,0.0,1.0,1.0,1.0,0.0,0.0,0.0,0.9998057444444213,1,0.002307,18162.14831562541,6.4903845736866375,0.06491645611911599,10.0,0.0,10.0,0.014825555412922456,10.0
113,14,28,25.142497900000002,28.0,0.0001,655.5900293087275,15.076558528637195,148.24072857381162,0.008106500651717755,1397.7950476500002,7854447.409100849,2144006.2913129064,3.690532173829417,1.7592714261883895,736.8082964171085,0,81.78026179000001,5.449803600017806,1546.0888578996653,9999999.789271656,0.00015460888904801404,5.505655229912665,0.00015460888904801404,11.142497900000002,11.142497900000002,10000000,0.173,0.02863417618739561,3,0.01,10,0.13999999999999999,0.5986001679999998,0.0001,0.0,1.0,1.0,1.0,0.0,0.0,0.0,0.9998031962655899,1,0.002307,18120.21027279566,6.554610067427175,0.06555900293087275,10.0,0.0,10.0,0.014824072857381163,10.0
114,14,28,25.22277375,28.0,0.0001,662.0790803732237,15.158460472241874,148.22590450095424,0.00826110954076577,1408.9375455500003,7836310.672852162,2162126.501585702,3.7560911767602896,1.7740954990457707,746.8082964171085,0,81.78026179000001,5.5301866758060605,1562.6434679670929,9999999.81790583,0.000156264349642192,5.554312425982534,0.000156264349642192,11.222773750000002,11.222773750000002,10000000,0.173,0.024686174204679646,3,0.01,10,0.13999999999999999,0.5921780999999998,0.0001,0.0,1.0,1.0,1.0,0.0,0.0,0.0,0.9998006291496555,1,0.002307,18078.36882226994,6.619470811039744,0.06620790803732238,10.0,0.0,10.0,0.014822590450095425,10.0
115,14,28,25.5939495,28.0,0.0001,668.6323432762262,15.5490222667205,148.21108191050413,0.008417373890407961,1420.1603193000003,7818215.709245255,2180204.870407972,3.822299084797612,1.788918089495866,756.8082964171085,0,81.78026179000001,5.611217174293478,1579.2629387781321,9999999.842592007,0.00015792629636369936,5.603320171615722,0.00015792629636369936,11.5939495,11.5939495,10000000,0.173,0.021290238876304213,3,0.01,10,0.13999999999999999,0.56248404,0.0001,0.0,1.0,1.0,1.0,0.0,0.0,0.0,0.999798042922558,1,0.002307,18036.623741228806,6.684973082422949,0.06686323432762262,10.0,0.0,10.0,0.014821108191050415,10.0
116,14,28,25.3978808,28.0,0.0001,675.2504531243214,15.340239107211232,148.19626080231308,0.008575300186771662,1431.7542688000003,7800162.421821183,2198241.4941492006,3.889162319125235,1.8037391976869164,766.8082964171085,0,81.78026179000001,5.692901516812151,1595.947911860555,9999999.863882244,0.00015959479335842403,5.653948772052403,0.00015959479335842403,11.3978808,11.3978808,10000000,0.173,0.018368112465587266,3,0.01,10,0.13999999999999999,0.5781695360000001,0.0001,0.0,1.0,1.0,1.0,0.0,0.0,0.0,0.9997954374083089,1,0.002307,17994.97480714147,6.751123221415898,0.06752504531243214,10.0,0.0,10.0,0.014819626080231308,10.0
117,14,28,25.4060616,28.0,0.0001,681.9340513004249,15.348838254655098,148.18144117623285,0.008734894980130086,1443.1521496000003,7782150.7142589325,2216236.468956342,3.956687364437667,1.8185588237671477,776.8082964171085,0,81.78026179000001,5.7752461882048145,1612.699035081971,9999999.882250357,0.00016126990540714448,5.703721177292578,0.00016126990540714448,11.406061600000001,11.406061600000001,10000000,0.173,0.015852776503127084,3,0.01,10,0.13999999999999999,0.577515072,0.0001,0.0,1.0,1.0,1.0,0.0,0.0,0.0,0.9997928124289688,1,0.002307,17953.42179779536,6.8179276304073255,0.06819340513004249,10.0,0.0,10.0,0.014818144117623286,10.0
118,14,28,25.48472425,28.0,0.0001,688.6837855257022,15.43201823086275,148.16662303211524,0.00889616488553723,1454.5582112000002,7764180.490386283,2234189.890754137,4.02488076956771,1.8333769678847711,786.8082964171085,0,81.78026179000001,5.8582577374524805,1629.5169627123785,9999999.898103133,0.0001629516979316646,5.753529306550219,0.0001629516979316646,11.48472425,11.48472425,10000000,0.173,0.013686820117493576,3,0.01,10,0.13999999999999999,0.5712220600000001,0.0001,0.0,1.0,1.0,1.0,0.0,0.0,0.0,0.9997901678046244,1,0.002307,17911.964491321156,6.885392774950658,0.06886837855257022,10.0,0.0,10.0,0.014816662303211525,10.0
119,14,28,25.41551105,28.0,0.0001,695.5003099221003,15.358782934934446,148.15180636981202,0.009059116583468895,1466.0429354500002,7746251.654189007,2252101.8552454584,4.0937491481202795,1.8481936301879827,796.8082964171085,0,81.78026179000001,5.941942778308262,1646.402355487329,9999999.911789952,0.00016464023700102522,5.803680940829695,0.00016464023700102522,11.41551105,11.41551105,10000000,0.173,0.011821042103820506,3,0.01,10,0.13999999999999999,0.5767591160000001,0.0001,0.0,1.0,1.0,1.0,0.0,0.0,0.0,0.9997875033533647,1,0.002307,17870.602666214043,6.953525184385081,0.06955003099221004,10.0,0.0,10.0,0.014815180636981203,10.0
120,14,28,25.4413779,28.0,0.0001,702.3842850754932,15.386071460705061,148.13699118917503,0.00922375682046992,1477.4584465000003,7728364.109818651,2269972.4579116725,4.16329917911249,1.8630088108249638,806.8082964171085,0,81.78026179000001,6.026307989937454,1663.3558806717142,9999999.923610996,0.00016633558933779242,5.853530334061136,0.00016633558933779242,11.441377899999999,11.441377899999999,10000000,0.173,0.010213263239838358,3,0.01,10,0.13999999999999999,0.574689768,0.0001,0.0,1.0,1.0,1.0,0.0,0.0,0.0,0.9997848188912585,1,0.002307,17829.33610135163,7.02233145246268,0.07023842850754931,20.0,0.0,10.0,0.014813699118917504,10.0
121,14,28,25.36824095,28.0,0.0001,699.3363780994483,15.309164074841705,148.12217749005612,0.009390092409807713,1488.8998244000002,7710517.76159911,2287801.7940130243,4.233537607620039,1.8778225099438814,826.8082964171085,0,81.78026179000001,6.111360117563921,1680.3782121241768,9999999.93382426,0.0001680378223244204,5.903492682969433,0.0001680378223244204,11.36824095,11.36824095,10000000,0.173,0.008827311541856305,3,0.01,10,0.13999999999999999,0.5805407239999999,0.0001,0.0,1.0,1.0,1.0,0.0,0.0,0.0,0.9997821142323289,1,0.002307,17788.16457600915,6.991840026558458,0.06993363780994484,0.0,0.0,10.0,0.014812217749005612,10.0
122,14,28,25.23879445,28.0,0.0001,716.2582844881969,15.174912322794665,148.1073652723071,0.009558130232132133,1500.2680653500001,7692712.614010386,2305589.958589033,4.303471245429984,1.892634727692887,826.8082964171085,0,81.78026179000001,6.1961059731228705,1697.3700521507353,9999999.94265157,0.00016973700618848862,5.953135656550219,0.00016973700618848862,11.23879445,11.23879445,10000000,0.173,0.007632154401529052,3,0.01,10,0.13999999999999999,0.590896444,0.0001,0.0,1.0,1.0,1.0,0.0,0.0,0.0,0.999779402182147,1,0.002307,17747.088100521963,7.161002794736196,0.07162582844881969,20.0,0.0,10.0,0.014810736527230712,10.0
123,14,28,25.28880685,28.0,0.0001,713.3476614544843,15.22650118967407,148.09255453577987,0.009727867238320621,1511.5068598000003,7674948.372539224,2323337.046689555,4.375097073878804,1.9074454642201177,846.8082964171085,0,81.78026179000001,6.282542538098921,1714.5310549454716,9999999.950283725,0.00017145310634694813,6.002213361572053,0.00017145310634694813,11.28880685,11.28880685,10000000,0.173,0.00660115837128096,3,0.01,10,0.13999999999999999,0.5868954519999999,0.0001,0.0,1.0,1.0,1.0,0.0,0.0,0.0,0.9997766567222663,1,0.002307,17706.10599544799,7.131883400496115,0.07133476614544844,0.0,0.0,10.0,0.014809255453577988,10.0
124,14,28,25.0234398,28.0,0.0001,730.408210088835,14.956705479005786,148.0777452803263,0.00989932034466757,1522.7956666500002,7657225.141261534,2341043.152685003,4.446431840024252,1.9222547196736957,846.8082964171085,0,81.78026179000001,6.368686559697948,1731.6629383459676,9999999.956884881,0.00017316629458120528,6.051509461353713,0.00017316629458120528,11.023439799999998,11.023439799999998,10000000,0.173,0.005711459482321785,3,0.01,10,0.13999999999999999,0.6081248160000001,0.0001,0.0,1.0,1.0,1.0,0.0,0.0,0.0,0.9997739035507556,1,0.002307,17665.21850089036,7.302430673860349,0.0730408210088835,10.0,0.0,10.0,0.01480777452803263,10.0
125,14,28,25.1155462,28.0,0.0001,737.6375999416864,15.049258979190759,148.06293750579826,0.010072486639248776,1533.8191064500002,7639542.626041429,2358708.371185893,4.519472661033136,1.9370624942017283,856.8082964171085,0,81.78026179000001,6.456535155234865,1748.9653690198281,9999999.962596342,0.00017489653755615984,6.099646753056769,0.00017489653755615984,11.1155462,11.1155462,10000000,0.173,0.0049434203193514025,3,0.01,10,0.13999999999999999,0.6007563039999999,0.0001,0.0,1.0,1.0,1.0,0.0,0.0,0.0,0.9997711165255118,1,0.002307,17624.424938277578,7.374687668848986,0.07376375999416865,20.0,0.0,10.0,0.014806293750579827,10.0
126,14,28,25.1630703,28.0,0.0001,734.9385238505412,15.097463190110014,148.04813121204768,0.010247383176804936,1544.93465265,7621900.831358903,2376332.796124171,4.593236421027305,1.951868787952308,876.8082964171085,0,81.78026179000001,6.545105208979613,1766.3400566886767,9999999.967539763,0.00017663400624222584,6.148186256113537,0.00017663400624222584,11.163070300000001,11.163070300000001,10000000,0.173,0.004280170600792362,3,0.01,10,0.13999999999999999,0.5969543759999999,0.0001,0.0,1.0,1.0,1.0,0.0,0.0,0.0,0.9997683083459741,1,0.002307,17583.72531794499,7.347682447283429,0.07349385238505413,10.0,0.0,10.0,0.014804813121204768,10.0
127,14,28,25.132952,28.0,0.0001,742.2127124454396,15.066878105189408,148.03332639892648,0.010424017183047161,1556.0977229500002,7604299.762638682,2393916.521442116,4.666730273412359,1.9666736010735129,886.8082964171085,0,81.78026179000001,6.633403874485872,1783.6877391359603,9999999.971819934,0.00017836877441624043,6.196933287991267,0.00017836877441624043,11.132952,11.132952,10000000,0.173,0.0037072112847586036,3,0.01,10,0.13999999999999999,0.59936384,0.0001,0.0,1.0,1.0,1.0,0.0,0.0,0.0,0.9997654919577503,1,0.002307,17543.11965240744,7.420386575953112,0.07422127124454396,10.0,0.0,10.0,0.014803332639892648,10.0
128,14,28,25.382288850000002,28.0,0.0001,749.5588777501482,15.323876474327516,148.01852306628658,0.010602385957463403,1567.23067495,7586739.22630691,2411459.641094523,4.740951544656903,1.9814769337134055,896.8082964171085,0,81.78026179000001,6.722428478370308,1801.1081257119138,9999999.975527145,0.00018011081301197397,6.245548798908297,0.00018011081301197397,11.382288850000002,11.382288850000002,10000000,0.173,0.0032120766046456408,3,0.01,10,0.13999999999999999,0.5794168919999998,0.0001,0.0,1.0,1.0,1.0,0.0,0.0,0.0,0.9997626542066939,1,0.002307,17502.60749509004,7.49380973103679,0.07495588777501483,10.0,0.0,10.0,0.014801852306628659,10.0
129,14,28,25.33549605,28.0,0.0001,756.97773159341,15.274979689988081,148.00372121397996,0.010782496770475377,1578.6129638,7569219.128214166,2428962.248589613,4.815907432431917,1.9962787860200342,906.8082964171085,0,81.78026179000001,6.812186218451951,1818.6019354429504,9999999.97873922,0.000181860193930944,6.295253117030567,0.000181860193930944,11.33549605,11.33549605,10000000,0.173,0.002784045770211784,3,0.01,10,0.13999999999999999,0.583160316,0.0001,0.0,1.0,1.0,1.0,0.0,0.0,0.0,0.9997597948920264,1,0.002307,17462.18862879008,7.56795901675659,0.07569777315934101,0.0,0.0,10.0,0.014800372121397997,10.0
130,14,28,25.21119915,28.0,0.0001,774.4699928370072,15.146596554513748,147.98892084185857,0.01096435696440632,1589.94845985,7551739.374410405,2446424.437218403,4.891605205591258,2.011079158141432,906.8082964171085,0,81.78026179000001,6.90268436373269,1836.1698944597072,9999999.981523268,0.00018361698978523492,6.344753099781659,0.00018361698978523492,11.211199149999999,11.211199149999999,10000000,0.173,0.0024138943846569354,3,0.01,10,0.13999999999999999,0.593104068,0.0001,0.0,1.0,1.0,1.0,0.0,0.0,0.0,0.9997569138107258,1,0.002307,17421.862836764805,7.742817298777413,0.07744699928370073,20.0,0.0,0.0,0.014798892084185857,10.0
131,14,28,25.14255575,28.0,0.0001,762.1353631365009,15.076617231796108,157.9741219497744,0.011147973954191556,1601.1596590000001,7534299.771170235,2463846.3000551676,4.969052204874958,2.025878050225618,926.8082964171085,0,81.78026179000001,6.994930255100576,1853.9127117584844,9999999.983937161,0.00018539127147363947,6.393710301310044,0.00018539127147363947,11.14255575,11.14255575,10000000,0.173,0.002093684803425502,3,0.01,10,0.13999999999999999,0.59859554,0.0001,0.0,1.0,1.0,1.0,0.0,0.0,0.0,0.9997539974913564,1,0.002307,17381.629672089734,7.619478759252433,0.07621353631365009,0.0,0.0,20.0,0.01579741219497744,10.0
132,14,28,25.05603155,28.0,0.0001,789.6786283594397,14.989325007575214,147.95832453757941,0.011333365225665195,1612.30221475,7516900.524113071,2481227.929727257,5.045265741188609,2.0416754624205953,926.8082964171085,0,81.78026179000001,7.086941203609204,1871.532190517737,9999999.986030847,0.0001871532193132109,6.442367750000001,0.0001871532193132109,11.05603155,11.05603155,10000000,0.173,0.001816581969210399,3,0.01,10,0.13999999999999999,0.6055174759999999,0.0001,0.0,1.0,1.0,1.0,0.0,0.0,0.0,0.999751085393133,1,0.002307,17341.489609128857,7.894820658141104,0.07896786283594398,10.0,0.0,10.0,0.014795832453757943,10.0
133,14,28,25.0437809,28.0,0.0001,797.4944811547449,14.977047240502115,147.94352870512566,0.011520518444978405,1623.3582463,7499541.141499866,2498569.419336386,5.124233604024552,2.056471294874353,936.8082964171085,0,81.78026179000001,7.180704898898906,1889.4270111758779,9999999.987847427,0.00018894270134720177,6.490647363755459,0.00018894270134720177,11.043780900000002,11.043780900000002,10000000,0.173,0.0015766999274269818,3,0.01,10,0.13999999999999999,0.6064975279999999,0.0001,0.0,1.0,1.0,1.0,0.0,0.0,0.0,0.9997481244418756,1,0.002307,17301.441513440193,7.972936117872029,0.07974944811547449,10.0,0.0,10.0,0.014794352870512567,10.0
134,14,28,25.0805064,28.0,0.0001,805.3876678245015,15.01391441328813,147.92873435225513,0.011709461146325607,1634.4020272,7482221.728627007,2515870.860849826,5.2039830521400265,2.0712656477448657,946.8082964171085,0,81.78026179000001,7.275248699884893,1907.39994729375,9999999.989424126,0.00019073999493109922,6.538873481222708,0.00019073999493109922,11.0805064,11.0805064,10000000,0.173,0.001368966828996004,3,0.01,10,0.13999999999999999,0.6035594879999999,0.0001,0.0,1.0,1.0,1.0,0.0,0.0,0.0,0.9997451406951262,1,0.002307,17261.485627942508,8.051824072833258,0.08053876678245016,20.0,0.0,10.0,0.014792873435225513,10.0
135,14,28,25.043986,28.0,0.0001,803.3589531305523,14.977252628942445,147.9139414788199,0.011900201141256707,1645.4825336000001,7464942.192543959,2533132.346477769,5.284521818922476,2.086058521180091,966.8082964171085,0,81.78026179000001,7.370580340102567,1925.4517713665834,9999999.990793096,0.00019254517731393284,6.5872599720524025,0.00019254517731393284,11.043986,11.043986,10000000,0.173,0.0011890118226164158,3,0.01,10,0.13999999999999999,0.60648112,0.0001,0.0,1.0,1.0,1.0,0.0,0.0,0.0,0.9997421339357967,1,0.002307,17221.621738198915,8.03151794119166,0.08033589531305524,10.0,0.0,10.0,0.01479139414788199,10.0
136,14,28,25.06467765,28.0,0.0001,811.3101351764309,14.998002369865153,147.89915008467202,0.01209274631857064,1656.5265196,7447702.540476831,2550353.968215968,5.364857714235532,2.100849915327973,976.8082964171085,0,81.78026179000001,7.465707629563505,1943.4832893077748,9999999.991982106,0.00019434832908660392,6.635486985152839,0.00019434832908660392,11.06467765,11.06467765,10000000,0.173,0.0010330676048636175,3,0.01,10,0.13999999999999999,0.604825788,0.0001,0.0,1.0,1.0,1.0,0.0,0.0,0.0,0.9997391173643543,1,0.002307,17181.84986088005,8.110984784500399,0.0811310135176431,10.0,0.0,10.0,0.014789915008467202,10.0
137,14,28,24.973248599999998,28.0,0.0001,819.3399889474136,14.906748241007033,147.88436016966355,0.012287094647657244,1667.59119725,7430502.580664233,2567535.818076848,5.445988727753175,2.1156398303364403,986.8082964171085,0,81.78026179000001,7.561628558089615,1961.594274092275,9999999.993015174,0.00019615942754624147,6.6838043548034936,0.00019615942754624147,10.973248599999998,10.973248599999998,10000000,0.173,0.0008978832863406542,3,0.01,10,0.13999999999999999,0.6133439250000002,0.0001,0.0,1.0,1.0,1.0,0.0,0.0,0.0,0.9997360775339211,1,0.002307,17142.169553592386,8.191237467169737,0.08193399889474137,10.0,0.0,10.0,0.014788436016966356,10.0
138,14,28,24.8213074,28.0,0.0001,827.4492924156887,14.757529248599447,147.86957173364658,0.012483254075203485,1678.56444585,7413342.220771057,2584677.9876304404,5.527922726647916,2.1304282663534067,996.8082964171085,0,81.78026179000001,7.6583509930013225,1979.785511559445,9999999.993913056,0.00019797855127645292,6.731722470960699,0.00019797855127645292,10.821307399999998,10.821307399999998,10000000,0.173,0.0007806554556194529,3,0.01,10,0.13999999999999999,0.6323365750000002,0.0001,0.0,1.0,1.0,1.0,0.0,0.0,0.0,0.9997330142224596,1,0.002307,17102.580603318827,8.272283752229779,0.08274492924156887,10.0,0.0,10.0,0.01478695717336466,10.0
139,14,28,25.061598500000002,28.0,0.0001,835.6388312386769,14.994910934747606,147.85478477647322,0.012681232626479938,1689.38575325,7396221.368664641,2601780.568233759,5.610667655889485,2.145215223526771,1006.8082964171085,0,81.78026179000001,7.755882879416257,1998.057795311675,9999999.994693711,0.0001998057796371902,6.778977088427948,0.0001998057796371902,11.061598500000002,11.061598500000002,10000000,0.173,0.0006789642109127595,3,0.01,10,0.13999999999999999,0.6050721199999998,0.0001,0.0,1.0,1.0,1.0,0.0,0.0,0.0,0.9997299272054346,1,0.002307,17063.082797509327,8.354131479242769,0.08356388312386769,10.0,0.0,10.0,0.014785478477647324,10.0
140,0,0,0.0,0.0,0.0,843.9093988347958,0.0,147.83999929799558,0.012881038406117129,1700.44735175,0.0,0.0,0.0,0.0,0.0,0,81.78026179000001,0.0,0.0,0.0,0.0,0.0,0.0,0.0,0.0,0,0.0,0.0,0,0.0,0,0.0,0.0,0.0,0.0,1.0,1.0,1.0,0.0,0.0,0.0,0.0,0,0.0,0.0,0.0,0.0,0.0,0.0,0.0,0.0,0.0
